{"stats":{"minecraft:custom":{"minecraft:mob_kills":24,"minecraft:interact_with_anvil":1,"minecraft:interact_with_crafting_table":33,"minecraft:open_barrel":1,"minecraft:leave_game":2,"minecraft:time_since_death":57073,"minecraft:climb_one_cm":1118,"minecraft:sprint_one_cm":145094,"minecraft:walk_one_cm":362580,"minecraft:drop":54,"minecraft:talked_to_villager":3,"minecraft:play_time":164942,"minecraft:deaths":2,"minecraft:sneak_time":26,"minecraft:walk_under_water_one_cm":19791,"minecraft:jump":769,"minecraft:interact_with_blast_furnace":7,"minecraft:walk_on_water_one_cm":26309,"minecraft:total_world_time":164942,"minecraft:interact_with_furnace":31,"minecraft:sleep_in_bed":4,"minecraft:time_since_rest":17246,"minecraft:damage_taken":994,"minecraft:damage_dealt":4110,"minecraft:swim_one_cm":16005,"minecraft:fly_one_cm":48287,"minecraft:open_chest":155,"minecraft:fall_one_cm":11326},"minecraft:mined":{"create:zinc_ore":24,"create:deepslate_zinc_ore":20,"minecraft:tuff":6,"minecraft:glow_lichen":1,"minecraft:granite":24,"minecraft:grass_block":25,"minecraft:spruce_leaves":11,"minecraft:moss_block":16,"minecraft:redstone_ore":9,"minecraft:furnace":1,"minecraft:iron_ore":51,"minecraft:andesite":51,"minecraft:big_dripleaf_stem":1,"minecraft:deepslate_iron_ore":9,"minecraft:azalea":2,"minecraft:stone":618,"minecraft:deepslate_redstone_ore":6,"minecraft:flowering_azalea":1,"minecraft:clay":35,"minecraft:tall_grass":2,"minecraft:copper_ore":32,"minecraft:cobblestone":2,"minecraft:diorite":95,"minecraft:wall_torch":1,"minecraft:spruce_log":5,"minecraft:grass":2,"minecraft:coal_ore":14,"minecraft:gravel":4,"minecraft:dirt":5,"minecraft:cobweb":3,"minecraft:small_dripleaf":1,"minecraft:gold_ore":5,"minecraft:deepslate":7},"minecraft:broken":{"minecraft:iron_pickaxe":1,"minecraft:golden_pickaxe":1},"minecraft:crafted":{"minecraft:blaze_powder":3,"stalwart_dungeons:diamond_hammer":1,"magistuarmory:diamond_zweihander":1,"magistuarmory:hilt":6,"magistuarmory:steel_ingot":0,"minecraft:chest":7,"simple_weapons:iron_katana":1,"simple_weapons:iron_fist":2,"magistuarmory:steel_plate":13,"magistuarmory:diamond_flamebladedsword":1,"magistuarmory:steel_nugget":9,"magistuarmory:diamond_shortsword":1,"minecraft:spruce_planks":18,"minecraft:copper_ingot":19,"magistuarmory:cuirassier_helmet":1,"minecraft:golden_shovel":1,"magistuarmoryaddon:embosed_parade_chestplate":1,"minecraft:air":0,"magistuarmory:halfarmor_chestplate":1,"magistuarmoryaddon:embosed_parade_boots":1,"minecraft:shield":1,"minecraft:iron_ingot":9,"minecraft:gold_ingot":0,"minecraft:iron_leggings":1,"create:zinc_ingot":6,"minecraft:clay":3,"magistuarmory:leather_strip":6},"minecraft:used":{"minecraft:azalea":1,"minecraft:iron_sword":7,"minecraft:torch":28,"simple_weapons:iron_katana":4,"minecraft:golden_shovel":23,"stalwart_dungeons:diamond_hammer":29,"simple_weapons:iron_spear":1,"minecraft:golden_sword":9,"minecraft:furnace":1,"simple_weapons:iron_scythe":3,"farmersdelight:golden_knife":7,"minecraft:clay":1,"magistuarmory:diamond_flamebladedsword":6,"ojs_rpg_origins:balmung":11,"minecraft:diamond_pickaxe":623,"simple_weapons:iron_fist":2,"minecraft:bread":10,"minecraft:iron_pickaxe":255,"minecraft:cobblestone":2,"minecraft:andesite":24,"alexsmobs:animal_dictionary":5,"minecraft:golden_pickaxe":132,"minecraft:smooth_stone":2},"minecraft:dropped":{"minecraft:iron_ingot":16,"minecraft:moss_block":12,"minecraft:wheat_seeds":2,"minecraft:iron_helmet":1,"minecraft:feather":2,"minecraft:cobblestone":343,"minecraft:granite":14,"minecraft:coal":14,"minecraft:stick":52,"minecraft:diorite":67,"minecraft:flowering_azalea":1,"minecraft:smooth_stone":4,"simple_weapons:iron_fist":1,"create:raw_zinc":22,"minecraft:bone":2,"minecraft:redstone":67,"minecraft:sweet_berries":7,"minecraft:cobbled_deepslate":7,"minecraft:raw_copper":55,"minecraft:tuff":18,"minecraft:wheat":3,"minecraft:raw_iron":60,"minecraft:chicken":1,"minecraft:rotten_flesh":26,"minecraft:clay_ball":140,"minecraft:spruce_planks":13,"minecraft:diamond_pickaxe":1,"minecraft:andesite":24,"minecraft:melon_seeds":2,"minecraft:leather_boots":1,"minecraft:azalea":1,"minecraft:spruce_log":1,"minecraft:arrow":19,"minecraft:raw_gold":5},"minecraft:picked_up":{"minecraft:wheat":1,"minecraft:chicken":1,"minecraft:clay_ball":140,"minecraft:lead":1,"minecraft:nether_brick":11,"minecraft:string":5,"minecraft:raw_copper":117,"simple_weapons:iron_fist":1,"minecraft:cobbled_deepslate":7,"minecraft:smooth_stone":2,"minecraft:spruce_planks":13,"minecraft:azalea":2,"minecraft:iron_pickaxe":1,"farmersdelight:cabbage_seeds":1,"minecraft:iron_boots":1,"minecraft:furnace":1,"minecraft:stick":3,"minecraft:raw_iron":60,"minecraft:big_dripleaf":7,"minecraft:torch":30,"sophisticatedbackpacks:backpack":1,"minecraft:diorite":67,"minecraft:redstone":67,"minecraft:arrow":19,"minecraft:rotten_flesh":25,"farmersdelight:onion":2,"minecraft:blaze_rod":6,"minecraft:cobblestone":706,"minecraft:feather":2,"minecraft:andesite":48,"minecraft:tuff":24,"create:raw_zinc":44,"minecraft:dirt":28,"minecraft:leather_boots":1,"minecraft:bone":2,"minecraft:wheat_seeds":2,"minecraft:raw_gold":5,"minecraft:moss_block":12,"minecraft:flowering_azalea":1,"minecraft:sweet_berries":7,"minecraft:gravel":4,"minecraft:spruce_sapling":1,"minecraft:ink_sac":2,"minecraft:spruce_log":5,"minecraft:spider_eye":1,"waystones:waystone":1,"minecraft:iron_helmet":1,"minecraft:granite":14,"minecraft:bread":29,"minecraft:coal":14,"minecraft:diamond_pickaxe":2},"minecraft:killed":{"alexsmobs:hummingbird":1,"minecraft:spider":4,"minecraft:skeleton":4,"minecraft:chicken":1,"minecraft:drowned":3,"minecraft:zombie_villager":1,"stalwart_dungeons:giddy_blaze":3,"minecraft:squid":2,"alexsmobs:catfish":1,"minecraft:zombie":3,"minecraft:villager":1},"minecraft:killed_by":{"minecraft:drowned":1,"minecraft:zombie":1}},"DataVersion":3465}