{"stats":{"minecraft:broken":{"minecraft:stone_axe":1},"minecraft:used":{"ojs_rpg_origins:sapphire_misery":22,"minecraft:iron_pickaxe":36,"alexsmobs:flying_fish_boots":1,"minecraft:chest":1,"minecraft:sandstone":8,"minecraft:stone_axe":68,"simple_weapons:stone_greatsword":2,"minecraft:torch":7,"minecraft:sand":8,"minecraft:cobblestone":1,"minecraft:crafting_table":1,"minecraft:egg":4,"simple_weapons:stone_scythe":4,"minecraft:shears":35,"farmersdelight:fried_egg":4},"minecraft:custom":{"minecraft:time_since_rest":6889,"minecraft:waystone_activated":1,"minecraft:interact_with_furnace":4,"minecraft:sprint_one_cm":83273,"minecraft:damage_taken":86,"minecraft:walk_one_cm":98828,"minecraft:mob_kills":1,"minecraft:damage_dealt":971,"minecraft:swim_one_cm":4870,"minecraft:interact_with_crafting_table":14,"minecraft:fly_one_cm":20987,"minecraft:player_kills":4,"minecraft:open_chest":51,"minecraft:crouch_one_cm":4109,"minecraft:play_time":43280,"minecraft:sneak_time":3353,"minecraft:walk_under_water_one_cm":1354,"minecraft:jump":149,"minecraft:walk_on_water_one_cm":1054,"minecraft:time_since_death":43280,"minecraft:sleep_in_bed":2,"minecraft:total_world_time":43280,"minecraft:damage_resisted":16,"minecraft:fall_one_cm":2937},"minecraft:picked_up":{"minecraft:birch_log":86,"minecraft:stick":1,"minecraft:raw_iron":7,"minecraft:sandstone":9,"minecraft:torch":2,"minecraft:sand":16,"minecraft:bone":1,"minecraft:granite":75,"minecraft:birch_sapling":2,"minecraft:coal":27,"minecraft:white_wool":35,"minecraft:cobblestone":34,"minecraft:egg":4},"minecraft:killed":{"minecraft:skeleton":1},"minecraft:crafted":{"minecraft:crafting_table":1,"minecraft:stick":12,"minecraft:iron_pickaxe":1,"minecraft:chest":1,"minecraft:iron_shovel":1,"minecraft:sandstone":1,"minecraft:torch":8,"alexsmobs:flying_fish_boots":1,"minecraft:birch_planks":43,"minecraft:shears":1,"minecraft:air":92},"minecraft:mined":{"minecraft:birch_log":86,"minecraft:iron_ore":7,"minecraft:torch":1,"minecraft:granite":75,"minecraft:coal_ore":27,"minecraft:sand":16,"minecraft:stone":34,"minecraft:white_wool":35,"minecraft:sandstone":11}},"DataVersion":3465}