{"stats":{"minecraft:used":{"ojs_rpg_origins:whelm":3},"minecraft:custom":{"minecraft:jump":31,"minecraft:open_chest":4,"minecraft:time_since_rest":5689,"minecraft:waystone_activated":1,"minecraft:crouch_one_cm":2574,"minecraft:sprint_one_cm":6621,"minecraft:play_time":5689,"minecraft:damage_taken":20,"minecraft:time_since_death":5689,"minecraft:walk_one_cm":6032,"minecraft:sneak_time":941,"minecraft:total_world_time":5689,"minecraft:interact_with_crafting_table":1,"minecraft:fall_one_cm":404,"minecraft:fly_one_cm":8267,"minecraft:player_kills":2}},"DataVersion":3465}