{"stats":{"minecraft:broken":{"minecraft:stone_axe":1},"minecraft:used":{"ojs_rpg_origins:sapphire_misery":24,"sophisticatedbackpacks:backpack":1,"minecraft:iron_shovel":1,"minecraft:bread":2,"minecraft:iron_pickaxe":49,"alexsmobs:flying_fish_boots":1,"minecraft:chest":1,"minecraft:sandstone":8,"minecraft:stone_axe":68,"simple_weapons:stone_greatsword":2,"minecraft:torch":33,"minecraft:dirt":1,"minecraft:sand":8,"minecraft:cobblestone":1,"minecraft:crafting_table":1,"minecraft:egg":4,"simple_weapons:stone_scythe":18,"minecraft:shears":35,"farmersdelight:fried_egg":6},"minecraft:custom":{"minecraft:time_since_rest":5611,"lootr:looted_stat":2,"minecraft:waystone_activated":1,"minecraft:interact_with_furnace":4,"minecraft:sprint_one_cm":120256,"minecraft:damage_taken":198,"minecraft:walk_one_cm":118137,"minecraft:mob_kills":7,"minecraft:damage_dealt":1986,"minecraft:swim_one_cm":4870,"minecraft:interact_with_crafting_table":14,"minecraft:fly_one_cm":30381,"minecraft:player_kills":4,"minecraft:open_chest":58,"minecraft:crouch_one_cm":4176,"minecraft:play_time":55280,"minecraft:sneak_time":3479,"minecraft:walk_under_water_one_cm":1354,"minecraft:jump":204,"minecraft:walk_on_water_one_cm":1054,"minecraft:time_since_death":55280,"minecraft:sleep_in_bed":3,"minecraft:total_world_time":55280,"minecraft:damage_resisted":21,"minecraft:fall_one_cm":3624},"minecraft:picked_up":{"minecraft:birch_log":86,"minecraft:stick":1,"minecraft:raw_iron":13,"minecraft:sandstone":9,"minecraft:torch":8,"sophisticatedbackpacks:backpack":1,"paraglider:spirit_orb":2,"minecraft:sand":16,"minecraft:dirt":1,"minecraft:bone":1,"minecraft:rotten_flesh":3,"minecraft:granite":75,"minecraft:birch_sapling":2,"minecraft:coal":27,"minecraft:white_wool":35,"minecraft:cobblestone":40,"minecraft:egg":4},"minecraft:killed":{"minecraft:skeleton":1,"minecraft:zombie":5},"minecraft:crafted":{"minecraft:crafting_table":1,"minecraft:stick":12,"minecraft:iron_pickaxe":1,"minecraft:chest":1,"minecraft:iron_shovel":1,"minecraft:sandstone":1,"minecraft:torch":8,"alexsmobs:flying_fish_boots":1,"minecraft:birch_planks":43,"minecraft:shears":1,"minecraft:air":92},"minecraft:mined":{"minecraft:birch_log":86,"minecraft:iron_ore":13,"minecraft:torch":1,"minecraft:grass_block":1,"minecraft:granite":75,"minecraft:coal_ore":27,"minecraft:sand":16,"minecraft:stone":40,"minecraft:spawner":1,"minecraft:white_wool":35,"minecraft:sandstone":11}},"DataVersion":3465}