{"stats":{"minecraft:used":{"farmersdelight:fried_egg":2,"ojs_rpg_origins:balmung":5},"minecraft:custom":{"minecraft:time_since_rest":9456,"minecraft:open_chest":5,"minecraft:waystone_activated":1,"minecraft:crouch_one_cm":117,"minecraft:play_time":9456,"minecraft:interact_with_furnace":1,"minecraft:sprint_one_cm":27339,"minecraft:damage_taken":78,"minecraft:walk_one_cm":11651,"minecraft:sneak_time":63,"minecraft:jump":134,"minecraft:damage_dealt":461,"minecraft:time_since_death":9456,"minecraft:damage_resisted":44,"minecraft:total_world_time":9456,"minecraft:player_kills":2,"minecraft:fall_one_cm":3767,"minecraft:interact_with_crafting_table":6,"minecraft:fly_one_cm":35829},"minecraft:crafted":{"minecraft:birch_slab":10,"farmersdelight:fried_egg":16,"minecraft:cobblestone_slab":13,"minecraft:cobblestone_stairs":9,"minecraft:birch_stairs":15,"minecraft:birch_planks":49,"minecraft:birch_fence":9,"minecraft:stick":9,"minecraft:air":477}},"DataVersion":3465}