{"stats":{"minecraft:killed":{"minecraft:witch":2,"minecraft:spider":1,"minecraft:skeleton":6,"minecraft:wolf":1,"alexsmobs:seal":1,"minecraft:iron_golem":1,"minecraft:pillager":3,"minecraft:zombie":17,"alexsmobs:terrapin":2,"alexsmobs:raccoon":1,"stalwart_dungeons:nether_wart_cocoon":1,"minecraft:drowned":2},"minecraft:broken":{"minecraft:golden_helmet":1,"minecraft:iron_chestplate":1,"minecraft:iron_leggings":1,"minecraft:stone_pickaxe":30,"minecraft:stone_axe":1,"minecraft:wooden_axe":3,"minecraft:stone_shovel":1,"minecraft:iron_pickaxe":12,"minecraft:golden_pickaxe":1,"create:sand_paper":1},"minecraft:mined":{"minecraft:spruce_planks":30,"minecraft:white_bed":4,"minecraft:farmland":1,"create:andesite_casing":129,"minecraft:cobblestone_stairs":16,"minecraft:spruce_trapdoor":19,"minecraft:granite":446,"minecraft:budding_amethyst":10,"minecraft:grass_block":2243,"create:belt":11,"minecraft:smooth_stone":3,"minecraft:iron_ore":16,"minecraft:barrel":1,"minecraft:dirt_path":2,"minecraft:water_cauldron":1,"create:mechanical_press":3,"minecraft:spruce_slab":10,"create:cogwheel":19,"minecraft:amethyst_cluster":1,"minecraft:torch":14,"minecraft:calcite":4,"minecraft:chest":21,"minecraft:glass":94,"minecraft:cobblestone":92,"minecraft:oak_planks":1,"minecraft:sugar_cane":4,"minecraft:wall_torch":5,"minecraft:cauldron":1,"minecraft:amethyst_block":190,"create:large_water_wheel":1,"create:andesite_belt_funnel":5,"create:portable_storage_interface":2,"minecraft:wheat":1,"minecraft:tnt":5,"minecraft:grass":4,"minecraft:beetroots":1,"create:hand_crank":1,"create:stressometer":1,"minecraft:sand":4,"minecraft:dirt":2071,"create:encased_chain_drive":9,"create:linear_chassis":6,"create:zinc_ore":90,"create:millstone":4,"minecraft:lever":1,"minecraft:spruce_fence":67,"create:large_cogwheel":12,"create:encased_fan":3,"minecraft:spruce_leaves":2656,"minecraft:moss_block":66,"minecraft:large_fern":15,"minecraft:hay_block":8,"create:secondary_linear_chassis":4,"create:shaft":32,"minecraft:spruce_sapling":5,"minecraft:furnace":1,"minecraft:carrots":25,"create:white_sail":24,"minecraft:andesite":1064,"create:windmill_bearing":1,"minecraft:potatoes":11,"create:deployer":6,"minecraft:stone":4989,"minecraft:white_wool":1,"minecraft:podzol":14,"minecraft:campfire":5,"create:water_wheel":4,"minecraft:copper_ore":13,"minecraft:lapis_ore":6,"minecraft:diorite":382,"minecraft:big_dripleaf":7,"minecraft:cobblestone_wall":3,"create:gearbox":5,"minecraft:sweet_berry_bush":10,"minecraft:spruce_log":600,"minecraft:yellow_bed":8,"ojs_rpg_origins:sapphire_ore":4,"minecraft:coal_ore":151,"create:mechanical_bearing":1,"minecraft:cherry_leaves":1,"minecraft:gravel":102,"minecraft:cobweb":1,"minecraft:spruce_fence_gate":4,"minecraft:fern":6,"paraglider:goddess_statue":1},"minecraft:picked_up":{"minecraft:wooden_axe":1,"minecraft:iron_chestplate":1,"minecraft:wheat":296,"farmersdelight:cabbage_rolls":10,"create:wrench":1,"minecraft:potion":1,"minecraft:amethyst_block":188,"paraglider:goddess_statue":1,"minecraft:string":1,"minecraft:raw_copper":61,"minecraft:iron_leggings":2,"minecraft:beetroot":2,"create:andesite_funnel":1,"create:water_wheel":4,"create:mechanical_press":3,"minecraft:smooth_stone":2,"minecraft:bucket":1,"minecraft:spruce_planks":43,"magistuarmory:iron_concavehalberd":6,"minecraft:calcite":4,"minecraft:azalea":1,"minecraft:iron_boots":1,"minecraft:furnace":4,"minecraft:golden_helmet":1,"minecraft:stick":97,"minecraft:big_dripleaf":2,"minecraft:torch":59,"create:andesite_casing":136,"minecraft:golden_axe":1,"minecraft:pointed_dripstone":24,"minecraft:diorite":451,"minecraft:cauldron":2,"create:large_cogwheel":12,"minecraft:rotten_flesh":26,"create:scoria":127,"farmersdelight:onion":2,"minecraft:obsidian":3,"minecraft:cobblestone":5235,"minecraft:feather":2,"minecraft:andesite":1433,"minecraft:potato":32,"farmersdelight:bacon":6,"create:belt_connector":11,"minecraft:flint":17,"create:raw_zinc":90,"farmersdelight:cooked_bacon":4,"minecraft:map":9,"minecraft:lapis_lazuli":33,"minecraft:dirt":4258,"create:encased_chain_drive":9,"minecraft:glass":121,"minecraft:bone":6,"minecraft:bow":2,"minecraft:wheat_seeds":85,"create:mechanical_drill":3,"create:goggles":1,"create:shaft":55,"minecraft:diamond_helmet":1,"minecraft:moss_block":67,"create:super_glue":1,"minecraft:oak_planks":1,"minecraft:music_disc_13":1,"create:cogwheel":19,"minecraft:sand":8,"minecraft:ink_sac":3,"minecraft:barrel":1,"minecraft:iron_hoe":1,"minecraft:spruce_fence_gate":4,"minecraft:lever":1,"minecraft:granite":438,"minecraft:crossbow":2,"minecraft:spruce_sign":1,"minecraft:emerald":2,"minecraft:bread":26,"minecraft:oak_sapling":3,"create:stressometer":1,"create:white_sail":24,"create:copper_sheet":35,"minecraft:charcoal":6,"minecraft:clay_ball":324,"minecraft:moss_carpet":15,"minecraft:flint_and_steel":1,"create:chute":3,"create:basin":1,"minecraft:iron_nugget":10,"minecraft:poppy":8,"minecraft:spruce_slab":31,"minecraft:minecart":1,"minecraft:chest":21,"minecraft:sugar_cane":12,"antiquelegacy:weathered_eagle_standard":1,"minecraft:spruce_trapdoor":18,"create:linear_chassis":6,"minecraft:egg":2,"minecraft:raw_iron":17,"minecraft:copper_ingot":17,"create:golden_sheet":8,"minecraft:spruce_fence":70,"sophisticatedbackpacks:backpack":1,"create:windmill_bearing":1,"farmersdelight:tomato_seeds":7,"structurize:sceptergold":2,"create:hand_crank":1,"minecraft:carrot":40,"create:vertical_gearbox":4,"create:zinc_ingot":35,"ojs_rpg_origins:raw_sapphire":9,"create:deployer":6,"minecraft:tnt":5,"minecraft:arrow":18,"create:secondary_linear_chassis":4,"minecraft:beetroot_seeds":6,"minecraft:hay_block":16,"minecraft:mutton":1,"minecraft:rail":4,"minecraft:white_wool":11,"create:iron_sheet":61,"create:brass_sheet":56,"minecraft:salmon":1,"create:andesite_alloy":14,"minecraft:yellow_bed":12,"minecraft:cobblestone_stairs":26,"minecraft:gunpowder":3,"create:blaze_burner":1,"minecraft:paper":13,"minecraft:cooked_mutton":3,"domum_ornamentum:side_framed":49,"minecraft:heart_of_the_sea":1,"minecraft:iron_ingot":140,"minecraft:glass_bottle":2,"create:mechanical_bearing":1,"minecraft:smooth_basalt":34,"create:large_water_wheel":2,"minecraft:pumpkin":1,"minecraft:sweet_berries":53,"minecraft:dandelion":1,"minecraft:gravel":99,"minecraft:lava_bucket":1,"minecraft:amethyst_shard":10,"minecraft:spruce_sapling":199,"minecraft:white_bed":8,"minecraft:spruce_log":589,"minecraft:spider_eye":1,"create:gearbox":5,"antiquelegacy:pelta":3,"create:millstone":4,"create:brass_ingot":113,"create:encased_fan":5,"minecraft:iron_helmet":3,"create:portable_storage_interface":3,"minecraft:baked_potato":13,"minecraft:melon_seeds":2,"minecraft:coal":161},"minecraft:dropped":{"minecraft:spruce_sign":1,"create:super_glue":1,"minecraft:cooked_beef":1,"minecraft:baked_potato":13,"farmersdelight:cooked_bacon":9,"minecraft:rail":1,"simple_weapons:stone_scimitar":1,"minecraft:cobblestone_stairs":17,"minecraft:music_disc_13":1,"minecraft:dirt":666,"minecraft:bone_meal":2,"minecraft:sand":4,"create:goggles":3,"minecraft:iron_pickaxe":3,"minecraft:white_wool":1,"minecraft:gold_ingot":8,"minecraft:bone":2,"alexsmobs:animal_dictionary":2,"minecraft:wheat":22,"minecraft:pointed_dripstone":24,"minecraft:rotten_flesh":5,"domum_ornamentum:side_framed":49,"minecraft:white_bed":1,"minecraft:poppy":4,"minecraft:charcoal":2,"create:wrench":1,"minecraft:chest":1,"create:brass_ingot":170,"minecraft:spruce_slab":24,"create:wheat_flour":2,"minecraft:arrow":15,"structurize:sceptergold":2,"create:andesite_alloy":3,"create:basin":1,"minecraft:iron_ingot":130,"minecraft:bread":57,"minecraft:wheat_seeds":129,"minecraft:iron_helmet":4,"minecraft:cobblestone":1507,"minecraft:amethyst_block":1,"minecraft:copper_ingot":111,"minecraft:stick":11,"minecraft:spruce_fence_gate":3,"minecraft:diorite":3,"magistuarmory:iron_concavehalberd":7,"create:blaze_burner":1,"minecraft:ink_sac":1,"minecraft:torch":46,"minecraft:wooden_axe":2,"antiquelegacy:pelta":2,"minecraft:iron_leggings":1,"minecraft:string":1,"minecraft:bucket":2,"minecraft:dandelion":1,"minecraft:smooth_basalt":33,"minecraft:sweet_berries":3,"minecraft:stone_sword":1,"minecraft:iron_boots":2,"minecraft:iron_hoe":1,"sophisticatedbackpacks:backpack":1,"minecraft:spruce_fence":8,"create:zinc_ingot":65,"minecraft:spruce_planks":1,"minecraft:iron_chestplate":3,"minecraft:andesite":7,"minecraft:yellow_bed":1,"minecraft:spider_eye":1,"minecraft:wooden_pickaxe":2,"waystones:waystone":1},"minecraft:crafted":{"minecraft:smooth_stone":5,"minecraft:oak_planks":10,"minecraft:barrel":6,"create:mechanical_harvester":4,"minecraft:stone":65,"minecraft:cobblestone_stairs":51,"magistuarmory:iron_concavehalberd":1,"minecraft:lever":1,"create:mechanical_bearing":7,"create:deployer":8,"minecraft:cooked_mutton":8,"create:vertical_gearbox":4,"minecraft:green_dye":49,"minecraft:hopper":4,"minecraft:glass":67,"create:andesite_funnel":6,"minecraft:iron_boots":2,"create:cart_assembler":1,"create:mechanical_press":1,"minecraft:chest":43,"minecraft:rail":1,"magistuarmory:pole":1,"create:cogwheel":78,"minecolonies:supplychestdeployer":1,"create:brass_hand":8,"create:mechanical_plough":1,"minecraft:furnace_minecart":1,"create:rose_quartz":8,"minecraft:cauldron":1,"minecraft:crafting_table":2,"minecraft:spruce_planks":396,"create:mechanical_saw":5,"minecraft:iron_helmet":2,"create:fluid_pipe":13,"minecraft:wooden_pickaxe":3,"minecraft:baked_potato":59,"create:zinc_nugget":97,"minecraft:copper_ingot":35,"create:sand_paper":2,"minecraft:campfire":6,"create:encased_chain_drive":7,"create:stressometer":1,"create:gearbox":7,"create:encased_fan":4,"minecraft:spruce_trapdoor":23,"minecraft:iron_chestplate":3,"create:water_wheel":12,"create:portable_storage_interface":4,"create:super_glue":1,"minecraft:stick":138,"create:mechanical_pump":2,"minecraft:iron_ingot":120,"minecraft:iron_pickaxe":15,"minecraft:iron_block":1,"minecraft:stone_sword":2,"minecraft:gold_ingot":2,"farmersdelight:cooked_bacon":6,"create:large_cogwheel":43,"create:propeller":4,"minecraft:spruce_fence_gate":3,"magistuarmory:leather_strip":1,"create:chute":5,"minecraft:stone_shovel":2,"create:wrench":1,"minecraft:iron_nugget":13,"create:white_sail":8,"minecraft:spruce_button":4,"minecraft:furnace":13,"minecraft:bone_meal":47,"minecraft:spruce_fence":22,"magistuarmory:hilt":2,"minecraft:spruce_stairs":2,"minecraft:spruce_slab":29,"minecraft:iron_hoe":2,"minecraft:slime_ball":15,"create:millstone":4,"minecraft:lime_dye":49,"minecraft:stone_pickaxe":30,"minecraft:cobblestone_wall":55,"minecraft:spruce_boat":5,"create:electron_tube":8,"create:belt_connector":19,"create:windmill_bearing":1,"minecraft:minecart":1,"minecraft:cooked_beef":32,"minecraft:cooked_cod":20,"create:andesite_alloy":411,"create:hand_crank":1,"minecraft:spruce_sign":4,"minecraft:dried_kelp":20,"create:dough":15,"create:goggles":3,"create:large_water_wheel":5,"minecraft:cooked_salmon":2,"minecraft:bucket":1,"minecraft:stone_axe":2,"minecraft:bread":112,"minecraft:air":5188,"create:speedometer":1,"simple_weapons:stone_scimitar":1,"minecraft:white_dye":74,"create:secondary_linear_chassis":10,"create:linear_chassis":8,"minecraft:wooden_axe":5,"minecraft:iron_shovel":1,"minecraft:iron_leggings":1,"create:mechanical_drill":23,"create:shaft":101,"minecraft:torch":108,"create:zinc_ingot":157},"minecraft:killed_by":{"minecraft:drowned":1,"minecraft:witch":2,"minecraft:player":1},"minecraft:used":{"create:deployer":21,"minecraft:iron_shovel":9,"farmersdelight:cabbage_rolls":10,"minecraft:spruce_slab":21,"farmersdelight:cabbage_seeds":9,"create:portable_storage_interface":7,"minecraft:chest":56,"minecraft:stone":1,"ojs_rpg_origins:scythe_upgrade":1,"create:mechanical_bearing":4,"paraglider:goddess_statue":1,"create:white_sail":40,"create:cogwheel":100,"minecraft:carrot":22,"minecraft:furnace_minecart":3,"minecraft:big_dripleaf":2,"minecraft:glass":179,"minecraft:lava_bucket":7,"create:millstone":9,"create:andesite_funnel":24,"create:shaft":165,"minecraft:sweet_berries":26,"create:mechanical_drill":26,"minecraft:furnace":10,"minecraft:cooked_cod":54,"minecraft:beetroot_seeds":3,"minecraft:egg":2,"minecraft:diorite":5,"magistuarmory:iron_concavehalberd":36,"minecraft:stone_pickaxe":3934,"minecraft:oak_planks":6,"minecraft:wooden_pickaxe":8,"create:mechanical_saw":5,"minecraft:white_wool":1,"minecraft:golden_apple":1,"minecraft:sand":2,"minecraft:lever":1,"minecraft:bread":77,"create:andesite_casing":45,"create:stressometer":3,"minecraft:andesite":11,"minecraft:birch_log":5,"create:vertical_gearbox":14,"minecraft:golden_pickaxe":32,"minecraft:bone_meal":67,"create:large_cogwheel":52,"minecraft:stone_sword":63,"minecraft:stone_shovel":197,"minecraft:spruce_planks":93,"minecraft:cooked_salmon":9,"minecraft:torch":284,"minecraft:dirt":2717,"minecraft:hopper":6,"minecraft:cobblestone_wall":51,"create:mechanical_plough":1,"minecraft:spruce_fence":67,"create:chute":1,"minecraft:iron_hoe":68,"minecraft:wooden_axe":219,"create:gearbox":11,"create:wrench":377,"create:cart_assembler":3,"minecraft:barrel":5,"create:encased_chain_drive":23,"minecraft:minecart":1,"create:fluid_pipe":14,"minecraft:cooked_beef":30,"farmersdelight:tomato_seeds":4,"create:belt_connector":71,"minecraft:wheat_seeds":20,"minecraft:cooked_mutton":21,"minecraft:water_bucket":74,"minecraft:cobblestone_stairs":35,"minecraft:baked_potato":59,"minecraft:spruce_sign":5,"minecraft:cauldron":3,"minecraft:spruce_fence_gate":4,"create:blaze_burner":3,"farmersdelight:onion":7,"minecraft:rail":8,"create:encased_fan":15,"minecraft:crafting_table":2,"create:mechanical_harvester":4,"minecraft:campfire":5,"minecraft:white_bed":3,"minecolonies:supplychestdeployer":1,"minecraft:spruce_log":99,"create:secondary_linear_chassis":14,"create:linear_chassis":6,"create:mechanical_press":11,"create:windmill_bearing":5,"minecraft:iron_pickaxe":3194,"create:water_wheel":14,"minecraft:spruce_trapdoor":27,"minecraft:spruce_sapling":47,"create:large_water_wheel":11,"minecraft:stone_axe":197,"farmersdelight:cooked_bacon":1,"minecraft:cobblestone":1054,"minecraft:bucket":97,"create:hand_crank":1,"minecraft:yellow_bed":7,"alexsmobs:animal_dictionary":1,"structurize:sceptergold":4,"minecraft:smooth_stone":3},"minecraft:custom":{"lootr:looted_stat":5,"minecraft:animals_bred":23,"minecraft:interact_with_crafting_table":377,"minecraft:open_barrel":26,"minecraft:leave_game":17,"minecraft:time_since_death":27873,"minecraft:damage_resisted":4,"minecraft:sprint_one_cm":2948723,"minecraft:drop":618,"minecraft:play_time":1228528,"minecraft:deaths":10,"minecraft:jump":11987,"minecraft:interact_with_brewingstand":1,"minecraft:walk_on_water_one_cm":129439,"minecraft:enchant_item":1,"minecraft:interact_with_furnace":187,"minecraft:sleep_in_bed":32,"minecraft:waystone_activated":1,"minecraft:damage_dealt":4357,"minecraft:player_kills":7,"minecraft:crouch_one_cm":88709,"minecraft:use_cauldron":9,"minecraft:interact_with_anvil":2,"minecraft:mob_kills":39,"minecraft:inspect_hopper":13,"minecraft:fill_cauldron":6,"minecraft:damage_dealt_resisted":1099,"minecraft:climb_one_cm":2295,"minecraft:walk_one_cm":2422161,"minecraft:damage_dealt_absorbed":120,"minecraft:sneak_time":34080,"minecraft:walk_under_water_one_cm":78997,"minecraft:total_world_time":1228528,"minecraft:interact_with_stonecutter":2,"minecraft:time_since_rest":25729,"minecraft:damage_taken":8179,"minecraft:damage_absorbed":28,"minecraft:swim_one_cm":89983,"minecraft:fly_one_cm":1721204,"minecraft:open_chest":837,"minecraft:fall_one_cm":323940}},"DataVersion":3465}