{"stats":{"minecraft:custom":{"lootr:looted_stat":5,"minecraft:interact_with_crafting_table":299,"minecraft:open_barrel":22,"minecraft:leave_game":13,"minecraft:time_since_death":118276,"minecraft:damage_resisted":4,"minecraft:sprint_one_cm":2216329,"minecraft:drop":465,"minecraft:play_time":968782,"minecraft:deaths":9,"minecraft:jump":8583,"minecraft:interact_with_brewingstand":1,"minecraft:walk_on_water_one_cm":107177,"minecraft:enchant_item":1,"minecraft:interact_with_furnace":166,"minecraft:sleep_in_bed":27,"minecraft:waystone_activated":1,"minecraft:damage_dealt":4166,"minecraft:player_kills":7,"minecraft:crouch_one_cm":67588,"minecraft:use_cauldron":9,"minecraft:interact_with_anvil":2,"minecraft:mob_kills":35,"minecraft:fill_cauldron":6,"minecraft:damage_dealt_resisted":1099,"minecraft:climb_one_cm":2119,"minecraft:walk_one_cm":1859731,"minecraft:damage_dealt_absorbed":120,"minecraft:sneak_time":24203,"minecraft:walk_under_water_one_cm":40245,"minecraft:total_world_time":968782,"minecraft:interact_with_stonecutter":2,"minecraft:time_since_rest":118299,"minecraft:damage_taken":6700,"minecraft:damage_absorbed":28,"minecraft:swim_one_cm":53749,"minecraft:fly_one_cm":1255906,"minecraft:open_chest":677,"minecraft:fall_one_cm":228936},"minecraft:mined":{"minecraft:spruce_planks":24,"minecraft:white_bed":4,"minecraft:farmland":1,"create:andesite_casing":113,"minecraft:cobblestone_stairs":16,"minecraft:spruce_trapdoor":19,"minecraft:granite":446,"minecraft:budding_amethyst":10,"minecraft:grass_block":2160,"create:belt":11,"minecraft:smooth_stone":3,"minecraft:iron_ore":16,"minecraft:barrel":1,"minecraft:water_cauldron":1,"create:mechanical_press":3,"create:cogwheel":19,"minecraft:amethyst_cluster":1,"minecraft:torch":11,"minecraft:calcite":4,"minecraft:chest":21,"minecraft:glass":94,"minecraft:cobblestone":92,"minecraft:sugar_cane":4,"minecraft:oak_planks":1,"minecraft:wall_torch":4,"minecraft:amethyst_block":190,"minecraft:cauldron":1,"create:andesite_belt_funnel":5,"create:portable_storage_interface":2,"minecraft:wheat":1,"minecraft:tnt":5,"minecraft:grass":2,"minecraft:beetroots":1,"create:hand_crank":1,"create:stressometer":1,"minecraft:dirt":1879,"create:encased_chain_drive":9,"create:zinc_ore":90,"create:millstone":4,"minecraft:lever":1,"minecraft:spruce_fence":67,"create:large_cogwheel":12,"create:encased_fan":3,"minecraft:spruce_leaves":563,"minecraft:moss_block":66,"minecraft:large_fern":2,"minecraft:hay_block":8,"create:shaft":31,"minecraft:furnace":1,"minecraft:carrots":25,"create:white_sail":24,"minecraft:andesite":1064,"create:windmill_bearing":1,"minecraft:potatoes":11,"minecraft:stone":4986,"create:water_wheel":4,"minecraft:copper_ore":13,"minecraft:lapis_ore":6,"minecraft:diorite":382,"minecraft:big_dripleaf":7,"minecraft:cobblestone_wall":3,"create:gearbox":5,"minecraft:sweet_berry_bush":9,"minecraft:spruce_log":400,"minecraft:yellow_bed":7,"ojs_rpg_origins:sapphire_ore":4,"minecraft:coal_ore":151,"minecraft:gravel":102,"minecraft:cobweb":1,"minecraft:spruce_fence_gate":4,"minecraft:fern":4,"paraglider:goddess_statue":1},"minecraft:broken":{"minecraft:golden_helmet":1,"minecraft:stone_pickaxe":30,"minecraft:stone_axe":1,"minecraft:wooden_axe":2,"minecraft:iron_pickaxe":12,"minecraft:golden_pickaxe":1,"create:sand_paper":1},"minecraft:crafted":{"minecraft:oak_planks":10,"minecraft:smooth_stone":5,"minecraft:barrel":2,"create:mechanical_harvester":4,"minecraft:stone":65,"minecraft:cobblestone_stairs":51,"minecraft:lever":1,"magistuarmory:iron_concavehalberd":1,"create:mechanical_bearing":7,"create:deployer":2,"minecraft:cooked_mutton":8,"create:vertical_gearbox":2,"minecraft:green_dye":49,"minecraft:glass":67,"create:andesite_funnel":6,"minecraft:iron_boots":2,"create:cart_assembler":1,"create:mechanical_press":1,"minecraft:chest":41,"minecraft:rail":1,"magistuarmory:pole":1,"create:cogwheel":52,"minecolonies:supplychestdeployer":1,"create:brass_hand":2,"create:mechanical_plough":1,"minecraft:furnace_minecart":1,"create:rose_quartz":8,"minecraft:cauldron":1,"minecraft:crafting_table":2,"minecraft:spruce_planks":341,"minecraft:iron_helmet":2,"create:fluid_pipe":13,"minecraft:wooden_pickaxe":3,"minecraft:baked_potato":59,"create:zinc_nugget":70,"minecraft:copper_ingot":19,"create:sand_paper":2,"create:encased_chain_drive":7,"create:stressometer":1,"create:gearbox":4,"create:encased_fan":2,"minecraft:spruce_trapdoor":23,"minecraft:iron_chestplate":3,"create:water_wheel":12,"create:super_glue":1,"create:portable_storage_interface":4,"minecraft:stick":130,"create:mechanical_pump":2,"minecraft:iron_ingot":80,"minecraft:iron_pickaxe":15,"minecraft:iron_block":1,"minecraft:stone_sword":2,"farmersdelight:cooked_bacon":6,"minecraft:gold_ingot":2,"create:large_cogwheel":32,"create:propeller":2,"minecraft:spruce_fence_gate":3,"magistuarmory:leather_strip":1,"create:chute":5,"minecraft:stone_shovel":1,"create:wrench":1,"minecraft:iron_nugget":13,"create:white_sail":8,"minecraft:spruce_button":4,"minecraft:furnace":13,"minecraft:bone_meal":26,"minecraft:spruce_fence":22,"magistuarmory:hilt":2,"minecraft:spruce_stairs":2,"minecraft:iron_hoe":2,"minecraft:spruce_slab":16,"minecraft:slime_ball":15,"create:millstone":4,"minecraft:lime_dye":49,"minecraft:stone_pickaxe":29,"minecraft:cobblestone_wall":55,"minecraft:spruce_boat":5,"create:electron_tube":2,"create:belt_connector":19,"create:windmill_bearing":1,"minecraft:minecart":1,"minecraft:cooked_beef":32,"minecraft:cooked_cod":20,"create:andesite_alloy":315,"create:hand_crank":1,"minecraft:spruce_sign":1,"minecraft:dried_kelp":20,"create:dough":15,"create:goggles":3,"create:large_water_wheel":5,"minecraft:cooked_salmon":1,"minecraft:bucket":1,"minecraft:stone_axe":2,"minecraft:bread":9,"minecraft:air":4131,"simple_weapons:stone_scimitar":1,"create:speedometer":1,"minecraft:white_dye":74,"minecraft:wooden_axe":4,"minecraft:iron_leggings":1,"create:mechanical_drill":23,"create:shaft":30,"minecraft:torch":108,"create:zinc_ingot":157},"minecraft:used":{"create:deployer":3,"farmersdelight:cabbage_rolls":10,"farmersdelight:cabbage_seeds":9,"create:portable_storage_interface":7,"minecraft:chest":55,"minecraft:stone":1,"ojs_rpg_origins:scythe_upgrade":1,"create:mechanical_bearing":2,"paraglider:goddess_statue":1,"create:white_sail":40,"create:cogwheel":55,"minecraft:carrot":22,"minecraft:furnace_minecart":3,"minecraft:big_dripleaf":2,"minecraft:glass":179,"minecraft:lava_bucket":7,"create:millstone":9,"create:andesite_funnel":24,"minecraft:sweet_berries":23,"create:shaft":89,"create:mechanical_drill":26,"minecraft:furnace":10,"minecraft:cooked_cod":54,"minecraft:beetroot_seeds":3,"minecraft:egg":2,"minecraft:diorite":5,"magistuarmory:iron_concavehalberd":33,"minecraft:stone_pickaxe":3913,"minecraft:oak_planks":6,"minecraft:wooden_pickaxe":8,"minecraft:golden_apple":1,"minecraft:lever":1,"minecraft:bread":25,"create:andesite_casing":44,"create:stressometer":3,"minecraft:andesite":11,"minecraft:birch_log":5,"create:vertical_gearbox":7,"minecraft:golden_pickaxe":32,"minecraft:bone_meal":4,"create:large_cogwheel":32,"minecraft:stone_sword":63,"minecraft:stone_shovel":107,"minecraft:spruce_planks":78,"minecraft:cooked_salmon":9,"minecraft:torch":261,"minecraft:dirt":2275,"minecraft:cobblestone_wall":51,"create:mechanical_plough":1,"minecraft:spruce_fence":67,"create:chute":1,"minecraft:iron_hoe":68,"minecraft:wooden_axe":160,"create:wrench":171,"create:gearbox":4,"create:cart_assembler":3,"minecraft:barrel":2,"create:encased_chain_drive":23,"minecraft:minecart":1,"create:fluid_pipe":14,"minecraft:cooked_beef":30,"farmersdelight:tomato_seeds":4,"create:belt_connector":49,"minecraft:wheat_seeds":20,"minecraft:cooked_mutton":21,"minecraft:water_bucket":64,"minecraft:cobblestone_stairs":35,"minecraft:baked_potato":39,"minecraft:spruce_sign":1,"minecraft:cauldron":3,"minecraft:spruce_fence_gate":4,"farmersdelight:onion":7,"minecraft:rail":8,"create:encased_fan":7,"minecraft:crafting_table":2,"create:mechanical_harvester":4,"minecraft:white_bed":3,"minecraft:spruce_log":71,"minecolonies:supplychestdeployer":1,"create:mechanical_press":8,"create:windmill_bearing":5,"minecraft:iron_pickaxe":3194,"create:water_wheel":14,"minecraft:spruce_trapdoor":27,"minecraft:spruce_sapling":10,"create:large_water_wheel":6,"minecraft:stone_axe":197,"farmersdelight:cooked_bacon":1,"minecraft:cobblestone":1053,"minecraft:bucket":85,"minecraft:yellow_bed":6,"alexsmobs:animal_dictionary":1,"create:hand_crank":1,"structurize:sceptergold":4,"minecraft:smooth_stone":3},"minecraft:dropped":{"minecraft:cooked_beef":1,"minecraft:baked_potato":13,"farmersdelight:cooked_bacon":9,"minecraft:rail":1,"simple_weapons:stone_scimitar":1,"minecraft:music_disc_13":1,"minecraft:cobblestone_stairs":16,"minecraft:dirt":548,"minecraft:bone_meal":2,"create:goggles":3,"minecraft:iron_pickaxe":3,"minecraft:gold_ingot":8,"minecraft:bone":1,"alexsmobs:animal_dictionary":1,"minecraft:wheat":21,"minecraft:pointed_dripstone":24,"minecraft:rotten_flesh":5,"domum_ornamentum:side_framed":49,"minecraft:white_bed":1,"create:wrench":1,"minecraft:chest":1,"create:brass_ingot":39,"create:wheat_flour":2,"minecraft:spruce_slab":5,"minecraft:arrow":14,"structurize:sceptergold":2,"create:andesite_alloy":3,"create:basin":1,"minecraft:iron_ingot":85,"minecraft:wheat_seeds":1,"minecraft:cobblestone":1059,"minecraft:iron_helmet":2,"minecraft:amethyst_block":1,"minecraft:copper_ingot":111,"minecraft:spruce_fence_gate":3,"minecraft:diorite":3,"create:blaze_burner":1,"minecraft:ink_sac":1,"minecraft:torch":46,"minecraft:wooden_axe":2,"antiquelegacy:pelta":2,"minecraft:iron_leggings":1,"minecraft:string":1,"minecraft:bucket":2,"minecraft:dandelion":1,"minecraft:smooth_basalt":33,"minecraft:stone_sword":1,"minecraft:iron_boots":2,"minecraft:iron_hoe":1,"sophisticatedbackpacks:backpack":1,"minecraft:spruce_fence":8,"minecraft:spruce_planks":1,"create:zinc_ingot":65,"minecraft:iron_chestplate":3,"minecraft:andesite":7,"minecraft:yellow_bed":1,"minecraft:spider_eye":1,"minecraft:wooden_pickaxe":2},"minecraft:picked_up":{"minecraft:wooden_axe":1,"farmersdelight:cabbage_rolls":10,"minecraft:iron_chestplate":1,"minecraft:wheat":4,"create:wrench":1,"minecraft:potion":1,"minecraft:amethyst_block":188,"paraglider:goddess_statue":1,"minecraft:string":1,"minecraft:raw_copper":61,"minecraft:iron_leggings":2,"minecraft:beetroot":2,"create:andesite_funnel":1,"create:water_wheel":4,"create:mechanical_press":3,"minecraft:smooth_stone":2,"minecraft:bucket":1,"minecraft:spruce_planks":37,"minecraft:calcite":4,"minecraft:azalea":1,"minecraft:furnace":4,"minecraft:iron_boots":1,"minecraft:golden_helmet":1,"minecraft:stick":16,"minecraft:big_dripleaf":2,"minecraft:torch":55,"create:andesite_casing":120,"minecraft:golden_axe":1,"minecraft:pointed_dripstone":24,"minecraft:diorite":451,"minecraft:cauldron":2,"create:large_cogwheel":12,"minecraft:rotten_flesh":26,"farmersdelight:onion":2,"minecraft:obsidian":3,"minecraft:cobblestone":5232,"minecraft:feather":2,"minecraft:andesite":1433,"minecraft:potato":32,"farmersdelight:bacon":6,"create:belt_connector":11,"minecraft:flint":17,"create:raw_zinc":90,"farmersdelight:cooked_bacon":4,"minecraft:map":9,"minecraft:lapis_lazuli":33,"minecraft:dirt":3990,"create:encased_chain_drive":9,"minecraft:glass":121,"minecraft:bone":6,"minecraft:bow":2,"minecraft:wheat_seeds":20,"create:mechanical_drill":3,"create:goggles":1,"create:shaft":54,"minecraft:diamond_helmet":1,"minecraft:moss_block":67,"minecraft:oak_planks":1,"minecraft:music_disc_13":1,"create:cogwheel":19,"minecraft:ink_sac":3,"minecraft:barrel":1,"minecraft:iron_hoe":1,"minecraft:spruce_fence_gate":4,"minecraft:lever":1,"minecraft:crossbow":2,"minecraft:granite":438,"minecraft:emerald":2,"minecraft:bread":23,"minecraft:oak_sapling":3,"create:stressometer":1,"create:white_sail":24,"create:copper_sheet":35,"minecraft:clay_ball":324,"minecraft:moss_carpet":15,"minecraft:flint_and_steel":1,"create:chute":3,"create:basin":1,"minecraft:iron_nugget":10,"minecraft:poppy":2,"minecraft:spruce_slab":5,"minecraft:minecart":1,"minecraft:chest":21,"minecraft:sugar_cane":12,"antiquelegacy:weathered_eagle_standard":1,"minecraft:spruce_trapdoor":18,"minecraft:egg":2,"minecraft:raw_iron":17,"create:golden_sheet":8,"minecraft:copper_ingot":17,"minecraft:spruce_fence":70,"sophisticatedbackpacks:backpack":1,"create:windmill_bearing":1,"farmersdelight:tomato_seeds":7,"structurize:sceptergold":2,"create:hand_crank":1,"minecraft:carrot":40,"create:vertical_gearbox":4,"create:zinc_ingot":35,"ojs_rpg_origins:raw_sapphire":9,"minecraft:tnt":5,"minecraft:arrow":18,"minecraft:beetroot_seeds":6,"minecraft:hay_block":16,"minecraft:rail":4,"minecraft:white_wool":8,"create:iron_sheet":51,"create:brass_sheet":12,"minecraft:salmon":1,"create:andesite_alloy":14,"minecraft:yellow_bed":11,"create:blaze_burner":1,"minecraft:gunpowder":3,"minecraft:cobblestone_stairs":26,"minecraft:paper":13,"minecraft:cooked_mutton":3,"domum_ornamentum:side_framed":49,"minecraft:heart_of_the_sea":1,"minecraft:iron_ingot":111,"minecraft:glass_bottle":2,"minecraft:smooth_basalt":34,"create:large_water_wheel":1,"minecraft:sweet_berries":47,"minecraft:dandelion":1,"minecraft:gravel":99,"minecraft:lava_bucket":1,"minecraft:amethyst_shard":10,"minecraft:spruce_sapling":39,"minecraft:white_bed":8,"minecraft:spruce_log":391,"minecraft:spider_eye":1,"create:gearbox":1,"antiquelegacy:pelta":3,"create:millstone":4,"create:brass_ingot":26,"minecraft:iron_helmet":2,"create:encased_fan":5,"create:portable_storage_interface":3,"minecraft:baked_potato":13,"minecraft:melon_seeds":2,"minecraft:coal":161},"minecraft:killed":{"minecraft:witch":2,"minecraft:spider":1,"minecraft:skeleton":6,"minecraft:wolf":1,"alexsmobs:seal":1,"minecraft:pillager":3,"minecraft:zombie":17,"alexsmobs:terrapin":2,"alexsmobs:raccoon":1,"stalwart_dungeons:nether_wart_cocoon":1},"minecraft:killed_by":{"minecraft:drowned":1,"minecraft:witch":2,"minecraft:player":1}},"DataVersion":3465}