{"stats":{"minecraft:killed":{"alexsmobs:raccoon":2,"minecraft:spider":12,"alexsmobs:tasmanian_devil":1,"alexsmobs:sugar_glider":1,"minecraft:skeleton":16,"alexsmobs:blue_jay":1,"minecraft:chicken":3,"minecraft:pig":7,"alexsmobs:seal":1,"minecraft:sheep":5,"minecraft:pillager":1,"minecraft:zombie":22,"alexsmobs:cockroach":1,"alexsmobs:fly":1,"minecraft:cow":4},"minecraft:dropped":{"minecraft:cooked_beef":3,"minecraft:cobblestone":4,"minecraft:copper_ingot":13,"alexsmobs:flying_fish_boots":1,"minecraft:iron_leggings":1,"magistuarmory:copper_lucernhammer":1,"minecraft:furnace":1,"alexsmobs:maggot":6,"minecraft:cooked_chicken":1,"minecraft:stone_sword":1,"minecraft:cooked_mutton":6,"magistuarmory:leather_strip":3,"magistuarmory:copper_guisarme":1,"minecraft:wooden_pickaxe":1,"minecraft:stone_pickaxe":2},"minecraft:custom":{"minecraft:mob_kills":78,"minecraft:animals_bred":13,"minecraft:interact_with_crafting_table":82,"minecraft:leave_game":7,"minecraft:time_since_death":72519,"minecraft:damage_resisted":27,"minecraft:sprint_one_cm":1602383,"minecraft:walk_one_cm":804374,"minecraft:drop":28,"minecraft:damage_dealt_absorbed":40,"minecraft:play_time":354261,"minecraft:deaths":5,"minecraft:sneak_time":8848,"minecraft:walk_under_water_one_cm":7764,"minecraft:jump":5144,"minecraft:walk_on_water_one_cm":18527,"minecraft:total_world_time":354261,"minecraft:interact_with_furnace":171,"minecraft:sleep_in_bed":16,"minecraft:time_since_rest":65978,"minecraft:waystone_activated":1,"minecraft:damage_taken":4565,"minecraft:damage_absorbed":44,"minecraft:damage_dealt":9232,"minecraft:swim_one_cm":5013,"minecraft:fly_one_cm":867582,"minecraft:open_chest":399,"minecraft:crouch_one_cm":16695,"minecraft:fall_one_cm":136700},"minecraft:used":{"minecraft:stone_sword":61,"minecraft:iron_shovel":249,"minecraft:stone_shovel":131,"minecraft:oak_sign":1,"minecraft:chest":12,"minecraft:cooked_chicken":25,"minecraft:stone_hoe":12,"minecraft:torch":378,"minecraft:dirt":465,"minecraft:carrot":7,"simple_weapons:iron_katana":60,"minecraft:iron_axe":499,"minecraft:birch_sapling":5,"minecraft:furnace":9,"minecraft:egg":17,"minecraft:cooked_beef":26,"minecraft:wheat_seeds":9,"minecraft:cooked_mutton":23,"minecraft:diorite":1,"minecraft:birch_planks":3,"minecraft:stone_pickaxe":3171,"minecraft:wooden_pickaxe":8,"minecraft:sugar_cane":27,"magistuarmory:copper_lucernhammer":59,"minecraft:sand":12,"minecraft:crafting_table":5,"minecraft:white_bed":6,"minecolonies:supplychestdeployer":1,"minecraft:birch_fence":256,"minecraft:birch_fence_gate":14,"minecraft:iron_pickaxe":1501,"minecraft:stone_axe":176,"minecraft:jungle_sign":7,"minecraft:cobblestone":226,"minecraft:cooked_porkchop":31,"structurize:sceptergold":2,"minecraft:bone_meal":6},"minecraft:mined":{"create:zinc_ore":58,"minecraft:diamond_ore":2,"create:deepslate_zinc_ore":6,"minecraft:white_bed":4,"minecraft:stripped_birch_log":1,"minecraft:birch_fence_gate":6,"minecraft:granite":111,"minecraft:grass_block":267,"minecraft:furnace":2,"minecraft:iron_ore":171,"minecraft:fire":14,"minecraft:andesite":395,"minecraft:stone":2915,"minecraft:crafting_table":4,"minecraft:torch":10,"minecraft:chest":3,"minecraft:tall_grass":3,"minecraft:copper_ore":115,"minecraft:cobblestone":13,"minecraft:lapis_ore":26,"minecraft:sugar_cane":16,"minecraft:diorite":441,"minecraft:wall_torch":4,"minecraft:birch_sapling":1,"minecraft:birch_planks":2,"minecraft:birch_log":238,"minecraft:wheat":2,"minecraft:birch_leaves":594,"ojs_rpg_origins:sapphire_ore":5,"minecraft:grass":109,"minecraft:coal_ore":378,"minecraft:sand":22,"minecraft:dirt":321,"minecraft:gold_ore":8,"minecraft:birch_fence":83,"minecraft:jungle_wall_sign":1},"minecraft:killed_by":{"minecraft:player":4},"minecraft:crafted":{"minecraft:smooth_stone":32,"minecraft:oak_planks":2,"minecraft:stone_shovel":1,"minecraft:oak_sign":1,"minecraft:cooked_chicken":33,"minecraft:furnace":6,"minecraft:stone":64,"minecraft:bone_meal":4,"minecolonies:supplycampdeployer":1,"minecraft:cooked_mutton":27,"magistuarmory:hilt":1,"minecraft:iron_axe":2,"minecraft:birch_fence_gate":10,"minecraft:stone_pickaxe":25,"minecraft:chest":13,"simple_weapons:iron_katana":1,"minecraft:stone_hoe":1,"minecraft:cooked_beef":30,"minecraft:cooked_porkchop":32,"minecraft:crafting_table":1,"minecraft:wooden_pickaxe":1,"minecraft:iron_helmet":2,"minecraft:copper_ingot":454,"minecraft:birch_planks":136,"minecraft:stone_axe":2,"minecraft:air":1518,"magistuarmory:copper_lucernhammer":1,"farmersdelight:fried_egg":6,"minecraft:iron_chestplate":2,"minecraft:charcoal":16,"minecraft:birch_fence":66,"minecraft:stick":92,"minecraft:iron_ingot":168,"minecraft:iron_pickaxe":6,"minecraft:stone_sword":2,"minecraft:iron_leggings":2,"minecraft:gold_ingot":4,"ojs_rpg_origins:sapphire":11,"minecraft:white_bed":2,"minecraft:torch":117,"create:zinc_ingot":37,"minecraft:jungle_sign":2,"magistuarmory:leather_strip":1},"minecraft:broken":{"minecraft:iron_shovel":1,"minecraft:stone_pickaxe":24,"minecraft:iron_axe":2,"minecraft:stone_axe":1,"minecraft:iron_pickaxe":6,"minecraft:stone_shovel":1},"minecraft:picked_up":{"minecraft:crafting_table":4,"minecraft:wheat":15,"minecraft:chicken":3,"minecraft:lead":1,"minecraft:string":12,"minecraft:raw_copper":419,"create:limestone":13,"minecraft:iron_leggings":1,"minecraft:birch_fence":83,"minecraft:beef":5,"minecolonies:eggplant":2,"minecraft:calcite":2,"minecraft:sugar_cane":27,"minecraft:chest":3,"minecraft:birch_sapling":66,"minecraft:furnace":2,"minecraft:egg":69,"minecraft:stick":41,"minecraft:raw_iron":171,"minecraft:torch":34,"sophisticatedbackpacks:backpack":1,"minecraft:porkchop":17,"minecraft:diorite":442,"minecraft:carrot":29,"minecraft:jungle_sign":1,"ojs_rpg_origins:raw_sapphire":18,"minecraft:arrow":14,"minecraft:rotten_flesh":20,"alexsmobs:flying_fish_boots":2,"minecraft:mutton":11,"minecraft:white_wool":8,"minecraft:cobblestone":2849,"minecraft:birch_log":249,"minecraft:feather":3,"minecraft:cooked_beef":1,"magistuarmory:copper_guisarme":1,"minecraft:andesite":395,"minecraft:leather":4,"minecraft:birch_planks":3,"minecolonies:tomato":2,"create:raw_zinc":64,"minecolonies:bell_pepper":3,"minecraft:stripped_birch_log":1,"minecraft:lapis_lazuli":167,"minecraft:dirt":631,"minecraft:white_banner":1,"minecraft:cooked_mutton":3,"minecraft:bone":16,"minecraft:bow":2,"minecraft:wheat_seeds":33,"minecraft:raw_gold":8,"alexsmobs:cockroach_wing_fragment":1,"minecraft:iron_ingot":2,"minecraft:stone_pickaxe":1,"minecolonies:garlic":1,"minecraft:gravel":1,"minecraft:birch_fence_gate":6,"minecraft:sand":27,"minecolonies:durum":1,"magistuarmory:copper_lucernhammer":1,"minecraft:white_bed":4,"simple_weapons:stone_greatsword":1,"minecraft:spider_eye":2,"minecraft:diamond":2,"minecraft:granite":113,"alexsmobs:maggot":2,"minecraft:black_wool":1,"minecraft:coal":398}},"DataVersion":3465}