{"stats":{"minecraft:broken":{"minecraft:stone_pickaxe":24,"minecraft:stone_axe":1,"minecraft:iron_pickaxe":6,"minecraft:stone_shovel":1},"minecraft:used":{"minecraft:stone_sword":61,"minecraft:stone_shovel":131,"minecraft:oak_sign":1,"minecraft:chest":12,"minecraft:stone_hoe":12,"minecraft:cooked_chicken":16,"minecraft:torch":372,"minecraft:dirt":113,"minecraft:carrot":7,"simple_weapons:iron_katana":48,"minecraft:birch_sapling":5,"minecraft:furnace":9,"minecraft:egg":17,"minecraft:cooked_beef":24,"minecraft:wheat_seeds":9,"minecraft:cooked_mutton":23,"minecraft:diorite":1,"minecraft:birch_planks":3,"minecraft:stone_pickaxe":3171,"minecraft:wooden_pickaxe":8,"minecraft:sugar_cane":27,"magistuarmory:copper_lucernhammer":59,"minecraft:sand":10,"minecraft:crafting_table":4,"minecraft:white_bed":6,"minecolonies:supplychestdeployer":1,"minecraft:birch_fence":127,"minecraft:birch_fence_gate":13,"minecraft:iron_pickaxe":1501,"minecraft:stone_axe":176,"minecraft:jungle_sign":7,"minecraft:cobblestone":226,"minecraft:cooked_porkchop":31,"minecraft:bone_meal":6},"minecraft:dropped":{"minecraft:cooked_beef":3,"minecraft:cobblestone":4,"minecraft:copper_ingot":13,"alexsmobs:flying_fish_boots":1,"magistuarmory:copper_lucernhammer":1,"minecraft:furnace":1,"alexsmobs:maggot":6,"minecraft:cooked_chicken":1,"minecraft:stone_sword":1,"minecraft:cooked_mutton":6,"magistuarmory:leather_strip":3,"magistuarmory:copper_guisarme":1,"minecraft:wooden_pickaxe":1,"minecraft:stone_pickaxe":2},"minecraft:custom":{"minecraft:mob_kills":72,"minecraft:animals_bred":13,"minecraft:interact_with_crafting_table":76,"minecraft:leave_game":3,"minecraft:time_since_death":26076,"minecraft:damage_resisted":27,"minecraft:sprint_one_cm":1418317,"minecraft:walk_one_cm":689576,"minecraft:drop":27,"minecraft:damage_dealt_absorbed":40,"minecraft:play_time":307818,"minecraft:deaths":5,"minecraft:sneak_time":6288,"minecraft:walk_under_water_one_cm":7764,"minecraft:jump":4668,"minecraft:walk_on_water_one_cm":18527,"minecraft:total_world_time":307818,"minecraft:interact_with_furnace":162,"minecraft:sleep_in_bed":16,"minecraft:time_since_rest":19535,"minecraft:waystone_activated":1,"minecraft:damage_taken":4415,"minecraft:damage_absorbed":44,"minecraft:damage_dealt":8562,"minecraft:swim_one_cm":5013,"minecraft:fly_one_cm":766077,"minecraft:open_chest":341,"minecraft:crouch_one_cm":8375,"minecraft:fall_one_cm":125401},"minecraft:picked_up":{"minecraft:crafting_table":3,"minecraft:wheat":15,"minecraft:chicken":1,"minecraft:string":12,"minecraft:raw_copper":419,"create:limestone":13,"minecraft:birch_fence":11,"minecraft:beef":5,"minecolonies:eggplant":2,"minecraft:calcite":2,"minecraft:sugar_cane":27,"minecraft:chest":3,"minecraft:birch_sapling":42,"minecraft:egg":58,"minecraft:furnace":2,"minecraft:stick":22,"minecraft:raw_iron":171,"minecraft:torch":28,"sophisticatedbackpacks:backpack":1,"minecraft:porkchop":17,"minecraft:diorite":442,"minecraft:carrot":29,"ojs_rpg_origins:raw_sapphire":18,"minecraft:jungle_sign":1,"minecraft:arrow":12,"minecraft:rotten_flesh":20,"alexsmobs:flying_fish_boots":2,"minecraft:mutton":11,"minecraft:white_wool":8,"minecraft:cobblestone":2849,"minecraft:birch_log":166,"minecraft:feather":2,"minecraft:cooked_beef":1,"magistuarmory:copper_guisarme":1,"minecraft:andesite":395,"minecraft:leather":4,"minecraft:birch_planks":3,"minecolonies:tomato":2,"create:raw_zinc":64,"minecraft:lapis_lazuli":167,"minecolonies:bell_pepper":3,"minecraft:dirt":375,"minecraft:stripped_birch_log":1,"minecraft:cooked_mutton":3,"minecraft:bone":14,"minecraft:bow":2,"minecraft:wheat_seeds":30,"minecraft:raw_gold":8,"alexsmobs:cockroach_wing_fragment":1,"minecraft:stone_pickaxe":1,"minecraft:iron_ingot":2,"minecolonies:garlic":1,"minecraft:gravel":1,"minecraft:birch_fence_gate":3,"minecraft:sand":25,"minecolonies:durum":1,"magistuarmory:copper_lucernhammer":1,"minecraft:white_bed":4,"simple_weapons:stone_greatsword":1,"minecraft:spider_eye":2,"minecraft:diamond":2,"minecraft:granite":113,"alexsmobs:maggot":2,"minecraft:coal":398,"minecraft:black_wool":1},"minecraft:killed":{"alexsmobs:raccoon":2,"minecraft:spider":12,"alexsmobs:tasmanian_devil":1,"minecraft:skeleton":14,"alexsmobs:blue_jay":1,"minecraft:chicken":1,"minecraft:pig":7,"alexsmobs:seal":1,"minecraft:sheep":5,"alexsmobs:cockroach":1,"minecraft:zombie":22,"alexsmobs:fly":1,"minecraft:cow":4},"minecraft:killed_by":{"minecraft:player":4},"minecraft:crafted":{"minecraft:smooth_stone":32,"minecraft:oak_planks":2,"minecraft:stone_shovel":1,"minecraft:oak_sign":1,"minecraft:cooked_chicken":33,"minecraft:furnace":6,"minecraft:stone":64,"minecraft:bone_meal":4,"minecolonies:supplycampdeployer":1,"minecraft:cooked_mutton":27,"magistuarmory:hilt":1,"minecraft:birch_fence_gate":10,"minecraft:stone_pickaxe":25,"minecraft:chest":13,"simple_weapons:iron_katana":1,"minecraft:stone_hoe":1,"minecraft:cooked_beef":30,"minecraft:cooked_porkchop":32,"minecraft:crafting_table":1,"minecraft:iron_helmet":2,"minecraft:wooden_pickaxe":1,"minecraft:copper_ingot":454,"minecraft:birch_planks":136,"minecraft:stone_axe":2,"minecraft:air":1516,"magistuarmory:copper_lucernhammer":1,"farmersdelight:fried_egg":6,"minecraft:iron_chestplate":2,"minecraft:charcoal":16,"minecraft:birch_fence":66,"minecraft:stick":92,"minecraft:iron_ingot":104,"minecraft:iron_pickaxe":6,"minecraft:stone_sword":2,"minecraft:gold_ingot":4,"minecraft:iron_leggings":2,"ojs_rpg_origins:sapphire":11,"minecraft:white_bed":2,"minecraft:torch":117,"create:zinc_ingot":37,"magistuarmory:leather_strip":1,"minecraft:jungle_sign":2},"minecraft:mined":{"create:zinc_ore":58,"minecraft:diamond_ore":2,"create:deepslate_zinc_ore":6,"minecraft:white_bed":4,"minecraft:stripped_birch_log":1,"minecraft:granite":111,"minecraft:birch_fence_gate":3,"minecraft:grass_block":16,"minecraft:furnace":2,"minecraft:iron_ore":171,"minecraft:fire":14,"minecraft:andesite":395,"minecraft:stone":2915,"minecraft:crafting_table":3,"minecraft:torch":9,"minecraft:chest":3,"minecraft:tall_grass":3,"minecraft:copper_ore":115,"minecraft:cobblestone":13,"minecraft:lapis_ore":26,"minecraft:sugar_cane":16,"minecraft:diorite":441,"minecraft:wall_torch":3,"minecraft:birch_sapling":1,"minecraft:birch_planks":2,"minecraft:birch_log":155,"minecraft:wheat":2,"minecraft:birch_leaves":33,"ojs_rpg_origins:sapphire_ore":5,"minecraft:grass":109,"minecraft:coal_ore":378,"minecraft:sand":20,"minecraft:dirt":315,"minecraft:gold_ore":8,"minecraft:birch_fence":11,"minecraft:jungle_wall_sign":1}},"DataVersion":3465}