{"stats":{"minecraft:picked_up":{"minecraft:wheat":2,"minecraft:beetroot":1,"minecraft:beetroot_seeds":3,"minecraft:wheat_seeds":4,"minecraft:potato":11,"minecraft:hay_block":8,"minecraft:white_bed":3,"minecraft:yellow_bed":3,"minecraft:carrot":25,"minecraft:sugar_cane":6},"minecraft:used":{"minecraft:carrot":15,"alexsmobs:animal_dictionary":1},"minecraft:mined":{"minecraft:hay_block":8,"minecraft:grass":1,"minecraft:potatoes":11,"minecraft:beetroots":1,"minecraft:white_bed":3,"minecraft:carrots":25,"minecraft:sugar_cane":4,"minecraft:yellow_bed":3},"minecraft:dropped":{"alexsmobs:animal_dictionary":1},"minecraft:custom":{"minecraft:time_since_rest":22591,"minecraft:crouch_one_cm":305,"lootr:looted_stat":2,"minecraft:play_time":22591,"minecraft:sprint_one_cm":77111,"minecraft:damage_taken":70,"minecraft:walk_one_cm":20757,"minecraft:sneak_time":49,"minecraft:walk_under_water_one_cm":307,"minecraft:drop":1,"minecraft:jump":400,"minecraft:time_since_death":22591,"minecraft:walk_on_water_one_cm":1213,"minecraft:total_world_time":22591,"minecraft:swim_one_cm":3992,"minecraft:fall_one_cm":12270,"minecraft:fly_one_cm":105984}},"DataVersion":3465}