{"stats":{"minecraft:custom":{"lootr:looted_stat":5,"minecraft:interact_with_crafting_table":236,"minecraft:open_barrel":6,"minecraft:leave_game":13,"minecraft:time_since_death":5297,"minecraft:sprint_one_cm":1550196,"minecraft:drop":183,"minecraft:play_time":728782,"minecraft:deaths":8,"minecraft:jump":6227,"minecraft:interact_with_brewingstand":1,"minecraft:walk_on_water_one_cm":81528,"minecraft:interact_with_furnace":144,"minecraft:sleep_in_bed":23,"minecraft:waystone_activated":1,"minecraft:damage_dealt":2823,"minecraft:player_kills":7,"minecraft:crouch_one_cm":63395,"minecraft:use_cauldron":9,"minecraft:mob_kills":28,"minecraft:fill_cauldron":6,"minecraft:damage_dealt_resisted":1099,"minecraft:climb_one_cm":2119,"minecraft:walk_one_cm":1480920,"minecraft:damage_dealt_absorbed":120,"minecraft:sneak_time":22043,"minecraft:walk_under_water_one_cm":29720,"minecraft:total_world_time":728782,"minecraft:interact_with_stonecutter":1,"minecraft:time_since_rest":101062,"minecraft:damage_taken":5106,"minecraft:damage_absorbed":28,"minecraft:swim_one_cm":44858,"minecraft:fly_one_cm":910214,"minecraft:open_chest":475,"minecraft:fall_one_cm":154271},"minecraft:mined":{"minecraft:spruce_planks":18,"minecraft:white_bed":4,"minecraft:farmland":1,"create:andesite_casing":45,"minecraft:cobblestone_stairs":16,"minecraft:spruce_trapdoor":17,"minecraft:granite":409,"minecraft:budding_amethyst":10,"minecraft:grass_block":2066,"create:belt":11,"minecraft:smooth_stone":3,"minecraft:iron_ore":16,"minecraft:water_cauldron":1,"create:mechanical_press":1,"create:cogwheel":16,"minecraft:amethyst_cluster":1,"minecraft:torch":10,"minecraft:calcite":4,"minecraft:chest":13,"minecraft:glass":94,"minecraft:cobblestone":84,"minecraft:sugar_cane":4,"minecraft:oak_planks":1,"minecraft:wall_torch":4,"minecraft:amethyst_block":190,"minecraft:cauldron":1,"create:andesite_belt_funnel":5,"create:portable_storage_interface":2,"minecraft:wheat":1,"minecraft:tnt":5,"minecraft:grass":2,"minecraft:beetroots":1,"create:hand_crank":1,"create:stressometer":1,"minecraft:dirt":1864,"create:encased_chain_drive":9,"create:zinc_ore":90,"create:millstone":4,"minecraft:spruce_fence":67,"create:large_cogwheel":12,"create:encased_fan":3,"minecraft:spruce_leaves":434,"minecraft:moss_block":66,"minecraft:large_fern":1,"minecraft:hay_block":8,"create:shaft":31,"minecraft:furnace":1,"minecraft:carrots":25,"create:white_sail":24,"minecraft:andesite":1020,"create:windmill_bearing":1,"minecraft:potatoes":11,"minecraft:stone":4424,"create:water_wheel":4,"minecraft:copper_ore":6,"minecraft:lapis_ore":6,"minecraft:diorite":376,"minecraft:big_dripleaf":7,"minecraft:cobblestone_wall":3,"create:gearbox":4,"minecraft:sweet_berry_bush":4,"minecraft:spruce_log":241,"minecraft:yellow_bed":7,"ojs_rpg_origins:sapphire_ore":4,"minecraft:coal_ore":125,"minecraft:gravel":102,"minecraft:cobweb":1,"minecraft:spruce_fence_gate":4,"minecraft:fern":1,"paraglider:goddess_statue":1},"minecraft:broken":{"minecraft:golden_helmet":1,"minecraft:stone_pickaxe":28,"minecraft:wooden_axe":1,"minecraft:iron_pickaxe":11,"minecraft:golden_pickaxe":1},"minecraft:used":{"farmersdelight:cabbage_seeds":9,"create:portable_storage_interface":7,"minecraft:chest":38,"ojs_rpg_origins:scythe_upgrade":1,"create:mechanical_bearing":1,"paraglider:goddess_statue":1,"create:white_sail":40,"create:cogwheel":45,"minecraft:carrot":22,"minecraft:big_dripleaf":2,"minecraft:glass":179,"minecraft:lava_bucket":7,"create:millstone":9,"create:andesite_funnel":24,"minecraft:sweet_berries":23,"create:shaft":83,"create:mechanical_drill":6,"minecraft:furnace":9,"minecraft:cooked_cod":30,"minecraft:beetroot_seeds":3,"minecraft:egg":2,"minecraft:diorite":2,"magistuarmory:iron_concavehalberd":18,"minecraft:stone_pickaxe":3777,"minecraft:oak_planks":6,"minecraft:golden_apple":1,"minecraft:bread":25,"create:stressometer":3,"minecraft:andesite":11,"minecraft:birch_log":5,"create:vertical_gearbox":6,"minecraft:golden_pickaxe":32,"minecraft:bone_meal":4,"create:large_cogwheel":32,"minecraft:stone_sword":63,"minecraft:spruce_planks":68,"minecraft:cooked_salmon":9,"minecraft:torch":177,"minecraft:dirt":2243,"minecraft:cobblestone_wall":51,"minecraft:spruce_fence":67,"create:chute":1,"minecraft:iron_hoe":68,"minecraft:wooden_axe":101,"create:wrench":124,"create:gearbox":4,"create:encased_chain_drive":23,"create:fluid_pipe":3,"minecraft:cooked_beef":30,"farmersdelight:tomato_seeds":4,"create:belt_connector":49,"minecraft:wheat_seeds":20,"minecraft:cooked_mutton":21,"minecraft:water_bucket":63,"minecraft:cobblestone_stairs":31,"minecraft:baked_potato":16,"minecraft:cauldron":3,"minecraft:spruce_fence_gate":4,"farmersdelight:onion":7,"create:encased_fan":7,"minecraft:crafting_table":1,"create:mechanical_harvester":4,"minecraft:white_bed":3,"minecraft:spruce_log":7,"minecolonies:supplychestdeployer":1,"create:mechanical_press":2,"create:windmill_bearing":5,"minecraft:iron_pickaxe":2944,"create:water_wheel":14,"minecraft:spruce_trapdoor":25,"create:large_water_wheel":5,"minecraft:stone_axe":66,"minecraft:cobblestone":945,"minecraft:bucket":84,"minecraft:yellow_bed":6,"alexsmobs:animal_dictionary":1,"create:hand_crank":1,"structurize:sceptergold":4,"minecraft:smooth_stone":3},"minecraft:crafted":{"minecraft:oak_planks":10,"minecraft:smooth_stone":5,"create:mechanical_harvester":4,"minecraft:stone":65,"minecraft:cobblestone_stairs":50,"magistuarmory:iron_concavehalberd":1,"create:mechanical_bearing":6,"minecraft:cooked_mutton":8,"create:vertical_gearbox":2,"minecraft:green_dye":49,"minecraft:glass":67,"create:andesite_funnel":6,"minecraft:iron_boots":2,"create:mechanical_press":1,"minecraft:chest":27,"magistuarmory:pole":1,"create:cogwheel":52,"minecolonies:supplychestdeployer":1,"minecraft:cauldron":1,"minecraft:crafting_table":1,"minecraft:spruce_planks":268,"minecraft:iron_helmet":2,"create:fluid_pipe":6,"minecraft:wooden_pickaxe":2,"minecraft:baked_potato":16,"create:zinc_nugget":70,"minecraft:copper_ingot":19,"create:encased_chain_drive":7,"create:stressometer":1,"create:gearbox":4,"create:encased_fan":2,"minecraft:spruce_trapdoor":23,"minecraft:iron_chestplate":3,"create:water_wheel":12,"create:super_glue":1,"create:portable_storage_interface":4,"minecraft:stick":121,"create:mechanical_pump":1,"minecraft:iron_ingot":46,"minecraft:iron_pickaxe":14,"minecraft:iron_block":1,"minecraft:stone_sword":2,"minecraft:gold_ingot":2,"create:large_cogwheel":32,"create:propeller":2,"minecraft:spruce_fence_gate":3,"magistuarmory:leather_strip":1,"create:chute":5,"create:wrench":1,"minecraft:iron_nugget":13,"create:white_sail":8,"minecraft:spruce_button":4,"minecraft:furnace":11,"minecraft:bone_meal":26,"minecraft:spruce_fence":22,"magistuarmory:hilt":2,"minecraft:spruce_stairs":2,"minecraft:iron_hoe":2,"minecraft:spruce_slab":12,"minecraft:slime_ball":15,"create:millstone":4,"minecraft:lime_dye":49,"minecraft:stone_pickaxe":28,"minecraft:cobblestone_wall":55,"minecraft:spruce_boat":5,"create:belt_connector":19,"create:windmill_bearing":1,"minecraft:cooked_beef":32,"minecraft:cooked_cod":20,"create:andesite_alloy":315,"create:hand_crank":1,"minecraft:dried_kelp":20,"create:dough":15,"create:goggles":3,"create:large_water_wheel":5,"minecraft:cooked_salmon":1,"minecraft:bucket":1,"minecraft:stone_axe":1,"minecraft:air":3565,"simple_weapons:stone_scimitar":1,"create:speedometer":1,"minecraft:white_dye":74,"minecraft:wooden_axe":3,"minecraft:iron_leggings":1,"create:mechanical_drill":3,"create:shaft":30,"minecraft:torch":78,"create:zinc_ingot":109},"minecraft:dropped":{"minecraft:cooked_beef":1,"minecraft:baked_potato":13,"simple_weapons:stone_scimitar":1,"minecraft:music_disc_13":1,"minecraft:cobblestone_stairs":16,"minecraft:dirt":545,"minecraft:bone_meal":2,"create:goggles":3,"minecraft:iron_pickaxe":3,"minecraft:gold_ingot":8,"minecraft:bone":1,"alexsmobs:animal_dictionary":1,"minecraft:wheat":21,"minecraft:pointed_dripstone":24,"minecraft:rotten_flesh":5,"minecraft:white_bed":1,"minecraft:chest":1,"create:wheat_flour":2,"minecraft:spruce_slab":5,"minecraft:arrow":14,"structurize:sceptergold":2,"create:andesite_alloy":3,"minecraft:iron_ingot":37,"minecraft:wheat_seeds":1,"minecraft:cobblestone":868,"minecraft:iron_helmet":2,"minecraft:amethyst_block":1,"minecraft:copper_ingot":19,"minecraft:spruce_fence_gate":3,"minecraft:ink_sac":1,"minecraft:torch":46,"minecraft:wooden_axe":2,"antiquelegacy:pelta":2,"minecraft:iron_leggings":1,"minecraft:bucket":2,"minecraft:dandelion":1,"minecraft:stone_sword":1,"minecraft:iron_boots":2,"sophisticatedbackpacks:backpack":1,"create:zinc_ingot":1,"minecraft:iron_chestplate":3,"minecraft:yellow_bed":1,"minecraft:wooden_pickaxe":2},"minecraft:picked_up":{"minecraft:wooden_axe":1,"minecraft:iron_chestplate":1,"minecraft:wheat":4,"minecraft:potion":1,"minecraft:amethyst_block":188,"paraglider:goddess_statue":1,"minecraft:string":1,"minecraft:raw_copper":31,"minecraft:iron_leggings":2,"minecraft:beetroot":2,"create:andesite_funnel":1,"create:water_wheel":4,"create:mechanical_press":1,"minecraft:smooth_stone":2,"minecraft:bucket":1,"minecraft:spruce_planks":30,"minecraft:calcite":4,"minecraft:azalea":1,"minecraft:furnace":4,"minecraft:iron_boots":1,"minecraft:golden_helmet":1,"minecraft:stick":12,"minecraft:big_dripleaf":2,"minecraft:torch":48,"create:andesite_casing":46,"minecraft:golden_axe":1,"minecraft:pointed_dripstone":24,"minecraft:diorite":445,"minecraft:cauldron":2,"create:large_cogwheel":12,"minecraft:rotten_flesh":24,"farmersdelight:onion":2,"minecraft:obsidian":3,"minecraft:cobblestone":4512,"minecraft:feather":2,"minecraft:andesite":1020,"minecraft:potato":32,"create:belt_connector":11,"minecraft:flint":17,"create:raw_zinc":90,"minecraft:map":9,"minecraft:lapis_lazuli":33,"minecraft:dirt":3881,"create:encased_chain_drive":9,"minecraft:glass":121,"minecraft:bone":5,"minecraft:bow":2,"minecraft:wheat_seeds":19,"create:mechanical_drill":3,"create:goggles":1,"create:shaft":43,"minecraft:moss_block":67,"minecraft:oak_planks":1,"minecraft:music_disc_13":1,"create:cogwheel":16,"minecraft:ink_sac":3,"minecraft:spruce_fence_gate":4,"minecraft:granite":401,"minecraft:emerald":2,"minecraft:bread":23,"minecraft:oak_sapling":3,"create:stressometer":1,"create:white_sail":24,"create:copper_sheet":20,"minecraft:clay_ball":324,"minecraft:moss_carpet":15,"minecraft:flint_and_steel":1,"minecraft:iron_nugget":10,"minecraft:poppy":2,"minecraft:spruce_slab":5,"minecraft:chest":12,"minecraft:sugar_cane":12,"antiquelegacy:weathered_eagle_standard":1,"minecraft:spruce_trapdoor":17,"minecraft:egg":2,"minecraft:raw_iron":17,"create:golden_sheet":8,"minecraft:copper_ingot":7,"minecraft:spruce_fence":67,"sophisticatedbackpacks:backpack":1,"create:windmill_bearing":1,"farmersdelight:tomato_seeds":7,"structurize:sceptergold":2,"create:hand_crank":1,"minecraft:carrot":40,"create:vertical_gearbox":3,"create:zinc_ingot":5,"ojs_rpg_origins:raw_sapphire":9,"minecraft:tnt":5,"minecraft:arrow":17,"minecraft:beetroot_seeds":6,"minecraft:hay_block":16,"minecraft:white_wool":8,"create:iron_sheet":24,"minecraft:salmon":1,"create:andesite_alloy":3,"minecraft:yellow_bed":11,"minecraft:gunpowder":3,"minecraft:cobblestone_stairs":26,"minecraft:cooked_mutton":3,"minecraft:heart_of_the_sea":1,"minecraft:iron_ingot":83,"minecraft:smooth_basalt":1,"create:large_water_wheel":1,"minecraft:sweet_berries":37,"minecraft:dandelion":1,"minecraft:gravel":99,"minecraft:lava_bucket":1,"minecraft:amethyst_shard":10,"minecraft:spruce_sapling":28,"minecraft:white_bed":8,"minecraft:spruce_log":234,"create:gearbox":1,"antiquelegacy:pelta":3,"create:millstone":4,"minecraft:iron_helmet":2,"create:encased_fan":5,"create:portable_storage_interface":3,"minecraft:baked_potato":13,"minecraft:melon_seeds":2,"minecraft:coal":135},"minecraft:killed":{"minecraft:witch":1,"minecraft:spider":1,"minecraft:skeleton":5,"minecraft:wolf":1,"alexsmobs:seal":1,"minecraft:zombie":16,"alexsmobs:terrapin":2,"alexsmobs:raccoon":1},"minecraft:killed_by":{"minecraft:drowned":1,"minecraft:witch":2,"minecraft:player":1}},"DataVersion":3465}