{"stats":{"minecraft:used":{"minecraft:wheat_seeds":8,"minecraft:cooked_mutton":7,"minecraft:stone_sword":61,"minecraft:stone_shovel":123,"minecraft:stone_pickaxe":424,"minecraft:wooden_pickaxe":8,"minecraft:stone_hoe":12,"minecraft:torch":14,"magistuarmory:copper_lucernhammer":6,"minecraft:dirt":111,"minecraft:sand":10,"minecraft:carrot":5,"minecraft:crafting_table":4,"minecraft:white_bed":5,"minecolonies:supplychestdeployer":1,"minecraft:birch_fence":79,"minecraft:birch_fence_gate":8,"minecraft:birch_sapling":5,"minecraft:stone_axe":159,"minecraft:cobblestone":8,"minecraft:furnace":4,"minecraft:cooked_porkchop":7,"minecraft:cooked_beef":5,"minecraft:bone_meal":6},"minecraft:broken":{"minecraft:stone_pickaxe":2,"minecraft:stone_axe":1},"minecraft:dropped":{"minecraft:furnace":1,"alexsmobs:maggot":2,"minecraft:cooked_beef":3,"minecraft:stone_sword":1,"minecraft:cobblestone":4,"minecraft:cooked_mutton":6,"minecraft:copper_ingot":13,"magistuarmory:leather_strip":3,"magistuarmory:copper_guisarme":1,"magistuarmory:copper_lucernhammer":1,"minecraft:stone_pickaxe":2,"minecraft:wooden_pickaxe":1},"minecraft:custom":{"minecraft:interact_with_furnace":44,"minecraft:mob_kills":22,"minecraft:animals_bred":2,"minecraft:interact_with_crafting_table":44,"minecraft:leave_game":1,"minecraft:time_since_death":99117,"minecraft:sleep_in_bed":7,"minecraft:damage_resisted":26,"minecraft:time_since_rest":8146,"minecraft:sprint_one_cm":377200,"minecraft:damage_absorbed":40,"minecraft:damage_taken":704,"minecraft:walk_one_cm":321551,"minecraft:drop":24,"minecraft:damage_dealt":3166,"minecraft:fly_one_cm":164219,"minecraft:open_chest":42,"minecraft:crouch_one_cm":3275,"minecraft:play_time":99117,"minecraft:sneak_time":1418,"minecraft:walk_under_water_one_cm":3991,"minecraft:jump":1131,"minecraft:walk_on_water_one_cm":3115,"minecraft:total_world_time":99117,"minecraft:fall_one_cm":21489},"minecraft:picked_up":{"minecraft:birch_log":166,"minecraft:wheat":2,"minecraft:crafting_table":3,"minecraft:cooked_beef":1,"magistuarmory:copper_guisarme":1,"minecraft:andesite":149,"minecraft:leather":3,"minecraft:birch_planks":3,"minecolonies:tomato":2,"minecraft:string":2,"minecraft:dirt":188,"minecraft:stripped_birch_log":1,"minecolonies:bell_pepper":2,"minecraft:birch_fence":7,"minecraft:cooked_mutton":3,"minecraft:bone":4,"minecraft:bow":1,"minecraft:wheat_seeds":10,"minecolonies:eggplant":2,"minecraft:iron_ingot":2,"minecraft:beef":3,"minecraft:stone_pickaxe":1,"minecolonies:garlic":1,"minecraft:birch_sapling":33,"minecraft:furnace":2,"minecraft:stick":13,"minecraft:torch":3,"minecraft:birch_fence_gate":2,"minecraft:porkchop":6,"minecraft:sand":25,"minecolonies:durum":1,"minecraft:diorite":11,"magistuarmory:copper_lucernhammer":1,"minecraft:white_bed":3,"minecraft:spider_eye":1,"minecraft:arrow":1,"minecraft:rotten_flesh":4,"alexsmobs:maggot":2,"minecraft:black_wool":1,"minecraft:coal":21,"minecraft:mutton":11,"minecraft:white_wool":8,"minecraft:cobblestone":256},"minecraft:killed":{"alexsmobs:raccoon":1,"minecraft:spider":5,"alexsmobs:tasmanian_devil":1,"minecraft:sheep":5,"minecraft:skeleton":3,"minecraft:zombie":4,"alexsmobs:fly":1,"minecraft:cow":2},"minecraft:mined":{"minecraft:white_bed":3,"minecraft:stripped_birch_log":1,"minecraft:crafting_table":3,"minecraft:torch":2,"minecraft:birch_fence_gate":2,"minecraft:grass_block":14,"minecraft:tall_grass":3,"minecraft:diorite":11,"minecraft:birch_sapling":1,"minecraft:birch_planks":2,"minecraft:furnace":2,"minecraft:wheat":1,"minecraft:fire":14,"minecraft:birch_log":155,"minecraft:andesite":149,"minecraft:birch_leaves":32,"minecraft:grass":107,"minecraft:dirt":133,"minecraft:sand":20,"minecraft:stone":245,"minecraft:birch_fence":7},"minecraft:crafted":{"minecraft:cooked_beef":25,"minecraft:stone_shovel":1,"minecraft:cooked_porkchop":21,"minecraft:crafting_table":1,"minecraft:cooked_chicken":32,"minecraft:wooden_pickaxe":1,"minecraft:furnace":3,"minecraft:copper_ingot":35,"minecraft:bone_meal":4,"minecraft:birch_planks":136,"minecraft:stone_axe":2,"minecolonies:supplycampdeployer":1,"minecraft:cooked_mutton":27,"minecraft:air":1011,"magistuarmory:copper_lucernhammer":1,"magistuarmory:hilt":1,"minecraft:charcoal":16,"minecraft:birch_fence":66,"minecraft:birch_fence_gate":6,"minecraft:stick":51,"minecraft:iron_ingot":1,"minecraft:stone_pickaxe":8,"minecraft:stone_sword":2,"minecraft:chest":5,"minecraft:white_bed":2,"minecraft:torch":11,"minecraft:stone_hoe":1,"magistuarmory:leather_strip":1}},"DataVersion":3465}