{"stats":{"minecraft:used":{"minecraft:cooked_mutton":7,"minecraft:stone_sword":59,"minecraft:stone_pickaxe":34,"minecraft:wooden_pickaxe":8,"minecraft:torch":7,"magistuarmory:copper_lucernhammer":6,"minecraft:dirt":9,"minecraft:sand":10,"minecraft:crafting_table":4,"minecraft:white_bed":5,"minecraft:birch_sapling":5,"minecraft:stone_axe":68,"minecraft:furnace":1,"minecraft:cooked_beef":5},"minecraft:dropped":{"minecraft:furnace":1,"alexsmobs:maggot":2,"minecraft:cooked_beef":3,"minecraft:stone_sword":1,"minecraft:cobblestone":4,"minecraft:cooked_mutton":6,"minecraft:copper_ingot":13,"magistuarmory:leather_strip":3,"magistuarmory:copper_guisarme":1,"magistuarmory:copper_lucernhammer":1,"minecraft:stone_pickaxe":2,"minecraft:wooden_pickaxe":1},"minecraft:custom":{"minecraft:interact_with_furnace":27,"minecraft:mob_kills":21,"minecraft:interact_with_crafting_table":27,"minecraft:leave_game":1,"minecraft:time_since_death":63117,"minecraft:sleep_in_bed":4,"minecraft:damage_resisted":26,"minecraft:time_since_rest":9455,"minecraft:sprint_one_cm":195541,"minecraft:damage_absorbed":40,"minecraft:damage_taken":604,"minecraft:walk_one_cm":206671,"minecraft:drop":24,"minecraft:damage_dealt":3076,"minecraft:fly_one_cm":81574,"minecraft:crouch_one_cm":1525,"minecraft:play_time":63117,"minecraft:sneak_time":601,"minecraft:walk_under_water_one_cm":3991,"minecraft:jump":639,"minecraft:walk_on_water_one_cm":2358,"minecraft:total_world_time":63117,"minecraft:fall_one_cm":7681},"minecraft:picked_up":{"minecraft:birch_log":72,"minecraft:crafting_table":3,"minecraft:cooked_beef":1,"magistuarmory:copper_guisarme":1,"minecraft:leather":3,"minecraft:birch_planks":3,"minecraft:string":2,"minecraft:dirt":55,"minecraft:stripped_birch_log":1,"minecolonies:bell_pepper":1,"minecraft:cooked_mutton":3,"minecraft:bone":4,"minecraft:bow":1,"minecraft:iron_ingot":2,"minecraft:beef":3,"minecraft:stone_pickaxe":1,"minecraft:birch_sapling":14,"minecraft:furnace":2,"minecraft:stick":3,"minecraft:torch":3,"minecraft:porkchop":6,"minecraft:sand":25,"magistuarmory:copper_lucernhammer":1,"minecraft:white_bed":3,"minecraft:spider_eye":1,"minecraft:arrow":1,"minecraft:rotten_flesh":4,"alexsmobs:maggot":2,"minecraft:black_wool":1,"minecraft:coal":21,"minecraft:mutton":11,"minecraft:white_wool":8,"minecraft:cobblestone":26},"minecraft:killed":{"minecraft:spider":5,"alexsmobs:tasmanian_devil":1,"minecraft:sheep":5,"minecraft:skeleton":3,"minecraft:zombie":4,"alexsmobs:fly":1,"minecraft:cow":2},"minecraft:mined":{"minecraft:white_bed":3,"minecraft:stripped_birch_log":1,"minecraft:crafting_table":3,"minecraft:torch":2,"minecraft:grass_block":8,"minecraft:birch_sapling":1,"minecraft:birch_planks":2,"minecraft:furnace":2,"minecraft:fire":14,"minecraft:birch_log":69,"minecraft:birch_leaves":27,"minecraft:grass":2,"minecraft:dirt":6,"minecraft:sand":20,"minecraft:stone":15},"minecraft:crafted":{"minecraft:cooked_beef":9,"minecraft:crafting_table":1,"minecraft:wooden_pickaxe":1,"minecraft:furnace":1,"minecraft:copper_ingot":35,"minecraft:birch_planks":42,"minecraft:stone_axe":1,"minecolonies:supplycampdeployer":1,"minecraft:cooked_mutton":11,"minecraft:air":220,"magistuarmory:copper_lucernhammer":1,"magistuarmory:hilt":1,"minecraft:charcoal":16,"minecraft:stick":14,"minecraft:stone_pickaxe":2,"minecraft:stone_sword":2,"minecraft:chest":5,"minecraft:white_bed":2,"minecraft:torch":1,"magistuarmory:leather_strip":1}},"DataVersion":3465}