{"stats":{"minecraft:broken":{"minecraft:stone_pickaxe":12,"minecraft:stone_axe":1,"minecraft:stone_shovel":1},"minecraft:used":{"minecraft:stone_sword":61,"minecraft:stone_shovel":131,"minecraft:chest":7,"minecraft:stone_hoe":12,"minecraft:cooked_chicken":7,"minecraft:torch":153,"minecraft:dirt":112,"minecraft:carrot":6,"minecraft:birch_sapling":5,"minecraft:furnace":6,"minecraft:egg":9,"minecraft:cooked_beef":5,"minecraft:wheat_seeds":9,"minecraft:cooked_mutton":20,"minecraft:birch_planks":3,"minecraft:stone_pickaxe":1681,"minecraft:wooden_pickaxe":8,"minecraft:sugar_cane":6,"magistuarmory:copper_lucernhammer":52,"minecraft:sand":10,"minecraft:crafting_table":4,"minecraft:white_bed":5,"minecolonies:supplychestdeployer":1,"minecraft:birch_fence":79,"minecraft:birch_fence_gate":8,"minecraft:stone_axe":160,"minecraft:jungle_sign":7,"minecraft:cobblestone":97,"minecraft:cooked_porkchop":21,"minecraft:bone_meal":6},"minecraft:dropped":{"minecraft:cooked_beef":3,"minecraft:cobblestone":4,"minecraft:copper_ingot":13,"magistuarmory:copper_lucernhammer":1,"minecraft:furnace":1,"alexsmobs:maggot":6,"minecraft:cooked_chicken":1,"minecraft:stone_sword":1,"minecraft:cooked_mutton":6,"magistuarmory:leather_strip":3,"magistuarmory:copper_guisarme":1,"minecraft:wooden_pickaxe":1,"minecraft:stone_pickaxe":2},"minecraft:custom":{"minecraft:mob_kills":45,"minecraft:animals_bred":13,"minecraft:interact_with_crafting_table":54,"minecraft:leave_game":3,"minecraft:time_since_death":169818,"minecraft:damage_resisted":26,"minecraft:sprint_one_cm":767153,"minecraft:walk_one_cm":451054,"minecraft:drop":26,"minecraft:play_time":169818,"minecraft:sneak_time":3189,"minecraft:walk_under_water_one_cm":3991,"minecraft:jump":2254,"minecraft:walk_on_water_one_cm":4189,"minecraft:total_world_time":169818,"minecraft:interact_with_furnace":91,"minecraft:sleep_in_bed":10,"minecraft:time_since_rest":32567,"minecraft:damage_taken":2164,"minecraft:damage_absorbed":40,"minecraft:damage_dealt":5248,"minecraft:fly_one_cm":345182,"minecraft:open_chest":138,"minecraft:crouch_one_cm":6167,"minecraft:fall_one_cm":51864},"minecraft:picked_up":{"minecraft:crafting_table":3,"minecraft:wheat":8,"minecraft:string":4,"minecraft:raw_copper":169,"minecraft:birch_fence":7,"minecraft:beef":3,"minecolonies:eggplant":2,"minecraft:sugar_cane":6,"minecraft:chest":1,"minecraft:birch_sapling":33,"minecraft:egg":20,"minecraft:furnace":2,"minecraft:stick":13,"minecraft:raw_iron":8,"minecraft:torch":7,"minecraft:porkchop":14,"minecraft:diorite":74,"minecraft:carrot":10,"minecraft:jungle_sign":1,"minecraft:arrow":6,"minecraft:rotten_flesh":14,"minecraft:mutton":11,"minecraft:white_wool":8,"minecraft:cobblestone":1232,"minecraft:birch_log":166,"minecraft:feather":1,"minecraft:cooked_beef":1,"magistuarmory:copper_guisarme":1,"minecraft:andesite":246,"minecraft:leather":3,"minecraft:birch_planks":3,"minecolonies:tomato":2,"minecolonies:bell_pepper":3,"minecraft:dirt":197,"minecraft:stripped_birch_log":1,"minecraft:cooked_mutton":3,"minecraft:bone":10,"minecraft:bow":1,"minecraft:wheat_seeds":20,"minecraft:stone_pickaxe":1,"minecraft:iron_ingot":2,"minecolonies:garlic":1,"minecraft:birch_fence_gate":2,"minecraft:sand":25,"minecolonies:durum":1,"magistuarmory:copper_lucernhammer":1,"minecraft:white_bed":3,"minecraft:spider_eye":1,"alexsmobs:maggot":2,"minecraft:coal":81,"minecraft:black_wool":1},"minecraft:killed":{"alexsmobs:raccoon":2,"minecraft:spider":7,"alexsmobs:tasmanian_devil":1,"minecraft:skeleton":8,"alexsmobs:blue_jay":1,"minecraft:pig":4,"alexsmobs:seal":1,"minecraft:sheep":5,"minecraft:zombie":13,"alexsmobs:fly":1,"minecraft:cow":2},"minecraft:mined":{"minecraft:white_bed":3,"minecraft:stripped_birch_log":1,"minecraft:birch_fence_gate":2,"minecraft:grass_block":16,"minecraft:furnace":2,"minecraft:iron_ore":8,"minecraft:fire":14,"minecraft:andesite":246,"minecraft:stone":1216,"minecraft:crafting_table":3,"minecraft:torch":4,"minecraft:chest":1,"minecraft:tall_grass":3,"minecraft:copper_ore":47,"minecraft:cobblestone":5,"minecraft:sugar_cane":3,"minecraft:diorite":74,"minecraft:wall_torch":2,"minecraft:birch_sapling":1,"minecraft:birch_planks":2,"minecraft:birch_log":155,"minecraft:wheat":2,"minecraft:birch_leaves":33,"minecraft:grass":108,"minecraft:coal_ore":60,"minecraft:sand":20,"minecraft:dirt":140,"minecraft:birch_fence":7,"minecraft:jungle_wall_sign":1},"minecraft:crafted":{"minecraft:oak_planks":2,"minecraft:stone_shovel":1,"minecraft:cooked_chicken":32,"minecraft:furnace":3,"minecraft:stone":64,"minecraft:bone_meal":4,"minecolonies:supplycampdeployer":1,"minecraft:cooked_mutton":27,"magistuarmory:hilt":1,"minecraft:birch_fence_gate":6,"minecraft:stone_pickaxe":18,"minecraft:chest":11,"minecraft:stone_hoe":1,"minecraft:cooked_beef":25,"minecraft:cooked_porkchop":21,"minecraft:crafting_table":1,"minecraft:wooden_pickaxe":1,"minecraft:copper_ingot":204,"minecraft:birch_planks":136,"minecraft:stone_axe":2,"minecraft:air":1269,"magistuarmory:copper_lucernhammer":1,"minecraft:charcoal":16,"minecraft:birch_fence":66,"minecraft:stick":72,"minecraft:iron_ingot":11,"minecraft:stone_sword":2,"minecraft:white_bed":2,"minecraft:torch":47,"magistuarmory:leather_strip":1,"minecraft:jungle_sign":2}},"DataVersion":3465}