{"stats":{"minecraft:broken":{"minecraft:stone_pickaxe":24,"minecraft:stone_axe":1,"minecraft:iron_pickaxe":1,"minecraft:stone_shovel":1},"minecraft:used":{"minecraft:stone_sword":61,"minecraft:stone_shovel":131,"minecraft:oak_sign":1,"minecraft:chest":11,"minecraft:stone_hoe":12,"minecraft:cooked_chicken":16,"minecraft:torch":293,"minecraft:dirt":112,"minecraft:carrot":7,"minecraft:birch_sapling":5,"minecraft:furnace":6,"minecraft:egg":11,"minecraft:cooked_beef":13,"minecraft:wheat_seeds":9,"minecraft:cooked_mutton":23,"minecraft:diorite":1,"minecraft:birch_planks":3,"minecraft:stone_pickaxe":3171,"minecraft:wooden_pickaxe":8,"minecraft:sugar_cane":27,"magistuarmory:copper_lucernhammer":59,"minecraft:sand":10,"minecraft:crafting_table":4,"minecraft:white_bed":5,"minecolonies:supplychestdeployer":1,"minecraft:birch_fence":127,"minecraft:birch_fence_gate":13,"minecraft:iron_pickaxe":454,"minecraft:stone_axe":176,"minecraft:jungle_sign":7,"minecraft:cobblestone":185,"minecraft:cooked_porkchop":29,"minecraft:bone_meal":6},"minecraft:dropped":{"minecraft:cooked_beef":3,"minecraft:cobblestone":4,"minecraft:copper_ingot":13,"alexsmobs:flying_fish_boots":1,"magistuarmory:copper_lucernhammer":1,"minecraft:furnace":1,"alexsmobs:maggot":6,"minecraft:cooked_chicken":1,"minecraft:stone_sword":1,"minecraft:cooked_mutton":6,"magistuarmory:leather_strip":3,"magistuarmory:copper_guisarme":1,"minecraft:wooden_pickaxe":1,"minecraft:stone_pickaxe":2},"minecraft:custom":{"minecraft:mob_kills":59,"minecraft:animals_bred":13,"minecraft:interact_with_crafting_table":75,"minecraft:leave_game":3,"minecraft:time_since_death":49322,"minecraft:damage_resisted":26,"minecraft:sprint_one_cm":1251004,"minecraft:walk_one_cm":599985,"minecraft:drop":27,"minecraft:damage_dealt_absorbed":40,"minecraft:play_time":271818,"minecraft:deaths":1,"minecraft:sneak_time":4383,"minecraft:walk_under_water_one_cm":7255,"minecraft:jump":3977,"minecraft:walk_on_water_one_cm":18069,"minecraft:total_world_time":271818,"minecraft:interact_with_furnace":157,"minecraft:sleep_in_bed":14,"minecraft:time_since_rest":8281,"minecraft:waystone_activated":1,"minecraft:damage_taken":3074,"minecraft:damage_absorbed":40,"minecraft:damage_dealt":6156,"minecraft:swim_one_cm":3475,"minecraft:fly_one_cm":662819,"minecraft:open_chest":293,"minecraft:crouch_one_cm":6958,"minecraft:fall_one_cm":104908},"minecraft:picked_up":{"minecraft:crafting_table":3,"minecraft:wheat":15,"minecraft:chicken":1,"minecraft:string":6,"minecraft:raw_copper":419,"minecraft:birch_fence":11,"minecraft:beef":5,"minecolonies:eggplant":2,"minecraft:sugar_cane":27,"minecraft:chest":3,"minecraft:birch_sapling":33,"minecraft:egg":52,"minecraft:furnace":2,"minecraft:stick":13,"minecraft:raw_iron":97,"minecraft:torch":22,"sophisticatedbackpacks:backpack":1,"minecraft:porkchop":17,"minecraft:diorite":397,"minecraft:carrot":29,"ojs_rpg_origins:raw_sapphire":11,"minecraft:jungle_sign":1,"minecraft:arrow":6,"minecraft:rotten_flesh":19,"alexsmobs:flying_fish_boots":2,"minecraft:mutton":11,"minecraft:white_wool":8,"minecraft:cobblestone":2246,"minecraft:birch_log":166,"minecraft:feather":2,"minecraft:cooked_beef":1,"magistuarmory:copper_guisarme":1,"minecraft:andesite":374,"minecraft:leather":4,"minecraft:birch_planks":3,"minecolonies:tomato":2,"create:raw_zinc":37,"minecraft:lapis_lazuli":120,"minecolonies:bell_pepper":3,"minecraft:dirt":295,"minecraft:stripped_birch_log":1,"minecraft:cooked_mutton":3,"minecraft:bone":10,"minecraft:bow":1,"minecraft:wheat_seeds":30,"minecraft:raw_gold":4,"alexsmobs:cockroach_wing_fragment":1,"minecraft:stone_pickaxe":1,"minecraft:iron_ingot":2,"minecolonies:garlic":1,"minecraft:birch_fence_gate":3,"minecraft:sand":25,"minecolonies:durum":1,"magistuarmory:copper_lucernhammer":1,"minecraft:white_bed":3,"simple_weapons:stone_greatsword":1,"minecraft:spider_eye":2,"minecraft:granite":78,"alexsmobs:maggot":2,"minecraft:coal":265,"minecraft:black_wool":1},"minecraft:killed":{"alexsmobs:raccoon":2,"minecraft:spider":8,"alexsmobs:tasmanian_devil":1,"minecraft:skeleton":8,"alexsmobs:blue_jay":1,"minecraft:chicken":1,"minecraft:pig":7,"alexsmobs:seal":1,"minecraft:sheep":5,"alexsmobs:cockroach":1,"minecraft:zombie":19,"alexsmobs:fly":1,"minecraft:cow":4},"minecraft:crafted":{"minecraft:oak_planks":2,"minecraft:stone_shovel":1,"minecraft:oak_sign":1,"minecraft:cooked_chicken":33,"minecraft:furnace":3,"minecraft:stone":64,"minecraft:bone_meal":4,"minecolonies:supplycampdeployer":1,"minecraft:cooked_mutton":27,"magistuarmory:hilt":1,"minecraft:birch_fence_gate":10,"minecraft:stone_pickaxe":25,"minecraft:chest":13,"simple_weapons:iron_katana":1,"minecraft:stone_hoe":1,"minecraft:cooked_beef":30,"minecraft:cooked_porkchop":32,"minecraft:crafting_table":1,"minecraft:iron_helmet":2,"minecraft:wooden_pickaxe":1,"minecraft:copper_ingot":454,"minecraft:birch_planks":136,"minecraft:stone_axe":2,"minecraft:air":1513,"magistuarmory:copper_lucernhammer":1,"farmersdelight:fried_egg":6,"minecraft:iron_chestplate":2,"minecraft:charcoal":16,"minecraft:birch_fence":66,"minecraft:stick":92,"minecraft:iron_ingot":104,"minecraft:iron_pickaxe":6,"minecraft:stone_sword":2,"minecraft:gold_ingot":4,"minecraft:iron_leggings":2,"ojs_rpg_origins:sapphire":11,"minecraft:white_bed":2,"minecraft:torch":81,"create:zinc_ingot":37,"magistuarmory:leather_strip":1,"minecraft:jungle_sign":2},"minecraft:mined":{"create:zinc_ore":37,"minecraft:white_bed":3,"minecraft:stripped_birch_log":1,"minecraft:granite":78,"minecraft:birch_fence_gate":3,"minecraft:grass_block":16,"minecraft:furnace":2,"minecraft:iron_ore":97,"minecraft:fire":14,"minecraft:andesite":374,"minecraft:stone":2220,"minecraft:crafting_table":3,"minecraft:torch":9,"minecraft:chest":3,"minecraft:tall_grass":3,"minecraft:copper_ore":115,"minecraft:cobblestone":10,"minecraft:lapis_ore":19,"minecraft:sugar_cane":16,"minecraft:diorite":396,"minecraft:wall_torch":2,"minecraft:birch_sapling":1,"minecraft:birch_planks":2,"minecraft:birch_log":155,"minecraft:wheat":2,"minecraft:birch_leaves":33,"ojs_rpg_origins:sapphire_ore":3,"minecraft:grass":109,"minecraft:coal_ore":245,"minecraft:sand":20,"minecraft:dirt":235,"minecraft:gold_ore":4,"minecraft:birch_fence":11,"minecraft:jungle_wall_sign":1}},"DataVersion":3465}