{"stats":{"minecraft:used":{"minecraft:cooked_mutton":2,"minecraft:stone_sword":59,"minecraft:stone_pickaxe":32,"minecraft:wooden_pickaxe":8,"minecraft:torch":7,"minecraft:dirt":4,"minecraft:crafting_table":1,"minecraft:white_bed":2,"minecraft:birch_sapling":5,"minecraft:stone_axe":67,"minecraft:furnace":1,"minecraft:cooked_beef":4},"minecraft:dropped":{"alexsmobs:maggot":2,"minecraft:cooked_beef":3,"minecraft:stone_sword":1,"minecraft:cobblestone":4,"minecraft:cooked_mutton":6,"minecraft:stone_pickaxe":2,"minecraft:wooden_pickaxe":1},"minecraft:custom":{"minecraft:interact_with_furnace":20,"minecraft:mob_kills":20,"minecraft:interact_with_crafting_table":16,"minecraft:leave_game":1,"minecraft:time_since_death":39117,"minecraft:sleep_in_bed":1,"minecraft:damage_resisted":26,"minecraft:time_since_rest":21841,"minecraft:sprint_one_cm":124209,"minecraft:damage_absorbed":40,"minecraft:damage_taken":554,"minecraft:walk_one_cm":151886,"minecraft:drop":19,"minecraft:damage_dealt":2842,"minecraft:fly_one_cm":47653,"minecraft:crouch_one_cm":780,"minecraft:play_time":39117,"minecraft:sneak_time":474,"minecraft:walk_under_water_one_cm":3991,"minecraft:jump":433,"minecraft:walk_on_water_one_cm":2358,"minecraft:total_world_time":39117,"minecraft:fall_one_cm":5529},"minecraft:picked_up":{"minecraft:birch_log":72,"minecraft:cooked_beef":1,"minecraft:leather":3,"minecraft:birch_planks":3,"minecraft:string":2,"minecraft:dirt":41,"minecraft:stripped_birch_log":1,"minecolonies:bell_pepper":1,"minecraft:cooked_mutton":3,"minecraft:bone":4,"minecraft:iron_ingot":2,"minecraft:beef":3,"minecraft:stone_pickaxe":1,"minecraft:birch_sapling":13,"minecraft:stick":3,"minecraft:torch":3,"minecraft:porkchop":6,"minecraft:white_bed":1,"minecraft:spider_eye":1,"minecraft:rotten_flesh":4,"alexsmobs:maggot":2,"minecraft:black_wool":1,"minecraft:mutton":11,"minecraft:white_wool":8,"minecraft:cobblestone":26},"minecraft:killed":{"minecraft:spider":5,"alexsmobs:tasmanian_devil":1,"minecraft:sheep":5,"minecraft:skeleton":2,"minecraft:zombie":4,"alexsmobs:fly":1,"minecraft:cow":2},"minecraft:mined":{"minecraft:white_bed":1,"minecraft:stripped_birch_log":1,"minecraft:torch":2,"minecraft:grass_block":4,"minecraft:birch_planks":2,"minecraft:fire":14,"minecraft:birch_log":69,"minecraft:birch_leaves":27,"minecraft:grass":2,"minecraft:stone":15},"minecraft:crafted":{"minecraft:cooked_beef":9,"minecraft:crafting_table":1,"minecraft:wooden_pickaxe":1,"minecraft:furnace":1,"minecraft:birch_planks":15,"minecraft:stone_axe":1,"minecraft:cooked_mutton":11,"minecraft:air":81,"minecraft:charcoal":16,"minecraft:stick":10,"minecraft:stone_pickaxe":1,"minecraft:stone_sword":2,"minecraft:white_bed":2,"minecraft:torch":1}},"DataVersion":3465}