{"stats":{"minecraft:used":{"minecraft:cooked_mutton":17,"minecraft:wheat_seeds":9,"minecraft:stone_sword":61,"minecraft:birch_planks":3,"minecraft:stone_shovel":131,"minecraft:stone_pickaxe":1676,"minecraft:chest":7,"minecraft:wooden_pickaxe":8,"minecraft:sugar_cane":6,"minecraft:cooked_chicken":7,"minecraft:stone_hoe":12,"magistuarmory:copper_lucernhammer":37,"minecraft:torch":153,"minecraft:sand":10,"minecraft:dirt":112,"minecraft:carrot":5,"minecraft:crafting_table":4,"minecraft:white_bed":5,"minecolonies:supplychestdeployer":1,"minecraft:birch_fence":79,"minecraft:birch_fence_gate":8,"minecraft:birch_sapling":5,"minecraft:stone_axe":160,"minecraft:cobblestone":97,"minecraft:furnace":6,"minecraft:cooked_porkchop":21,"minecraft:egg":8,"minecraft:cooked_beef":5,"minecraft:bone_meal":6},"minecraft:broken":{"minecraft:stone_pickaxe":12,"minecraft:stone_axe":1,"minecraft:stone_shovel":1},"minecraft:dropped":{"minecraft:furnace":1,"alexsmobs:maggot":2,"minecraft:cooked_chicken":1,"minecraft:cooked_beef":3,"minecraft:stone_sword":1,"minecraft:cobblestone":4,"magistuarmory:leather_strip":3,"minecraft:cooked_mutton":6,"minecraft:copper_ingot":13,"magistuarmory:copper_guisarme":1,"magistuarmory:copper_lucernhammer":1,"minecraft:stone_pickaxe":2,"minecraft:wooden_pickaxe":1},"minecraft:custom":{"minecraft:interact_with_furnace":82,"minecraft:mob_kills":41,"minecraft:animals_bred":10,"minecraft:interact_with_crafting_table":52,"minecraft:leave_game":2,"minecraft:time_since_death":158798,"minecraft:sleep_in_bed":10,"minecraft:damage_resisted":26,"minecraft:time_since_rest":21547,"minecraft:damage_absorbed":40,"minecraft:sprint_one_cm":736009,"minecraft:damage_taken":2154,"minecraft:walk_one_cm":436457,"minecraft:drop":25,"minecraft:damage_dealt":4740,"minecraft:fly_one_cm":331705,"minecraft:open_chest":109,"minecraft:crouch_one_cm":5987,"minecraft:play_time":158798,"minecraft:sneak_time":2949,"minecraft:walk_under_water_one_cm":3991,"minecraft:jump":2174,"minecraft:walk_on_water_one_cm":3405,"minecraft:total_world_time":158798,"minecraft:fall_one_cm":49439},"minecraft:picked_up":{"minecraft:birch_log":166,"minecraft:crafting_table":3,"minecraft:wheat":7,"minecraft:feather":1,"minecraft:cooked_beef":1,"magistuarmory:copper_guisarme":1,"minecraft:andesite":246,"minecraft:leather":3,"minecraft:birch_planks":3,"minecolonies:tomato":2,"minecraft:string":4,"minecraft:dirt":197,"minecraft:stripped_birch_log":1,"minecolonies:bell_pepper":3,"minecraft:raw_copper":169,"minecraft:cooked_mutton":3,"minecraft:bone":10,"minecraft:birch_fence":7,"minecraft:bow":1,"minecraft:wheat_seeds":18,"minecraft:iron_ingot":2,"minecraft:beef":3,"minecolonies:eggplant":2,"minecraft:stone_pickaxe":1,"minecraft:sugar_cane":6,"minecolonies:garlic":1,"minecraft:chest":1,"minecraft:birch_sapling":33,"minecraft:furnace":2,"minecraft:egg":13,"minecraft:raw_iron":8,"minecraft:stick":13,"minecraft:torch":7,"minecraft:birch_fence_gate":2,"minecraft:porkchop":6,"minecraft:sand":25,"minecolonies:durum":1,"magistuarmory:copper_lucernhammer":1,"minecraft:white_bed":3,"minecraft:diorite":74,"minecraft:carrot":3,"minecraft:spider_eye":1,"minecraft:arrow":6,"minecraft:rotten_flesh":14,"alexsmobs:maggot":2,"minecraft:black_wool":1,"minecraft:mutton":11,"minecraft:coal":81,"minecraft:white_wool":8,"minecraft:cobblestone":1232},"minecraft:killed":{"alexsmobs:raccoon":2,"alexsmobs:seal":1,"minecraft:spider":7,"alexsmobs:tasmanian_devil":1,"minecraft:sheep":5,"minecraft:skeleton":8,"alexsmobs:blue_jay":1,"minecraft:zombie":13,"alexsmobs:fly":1,"minecraft:cow":2},"minecraft:mined":{"minecraft:white_bed":3,"minecraft:stripped_birch_log":1,"minecraft:torch":4,"minecraft:crafting_table":3,"minecraft:birch_fence_gate":2,"minecraft:grass_block":16,"minecraft:chest":1,"minecraft:copper_ore":47,"minecraft:tall_grass":3,"minecraft:cobblestone":5,"minecraft:sugar_cane":3,"minecraft:diorite":74,"minecraft:wall_torch":2,"minecraft:birch_sapling":1,"minecraft:birch_planks":2,"minecraft:furnace":2,"minecraft:iron_ore":8,"minecraft:fire":14,"minecraft:birch_log":155,"minecraft:wheat":2,"minecraft:birch_leaves":33,"minecraft:andesite":246,"minecraft:grass":108,"minecraft:coal_ore":60,"minecraft:sand":20,"minecraft:dirt":140,"minecraft:stone":1216,"minecraft:birch_fence":7},"minecraft:crafted":{"minecraft:cooked_beef":25,"minecraft:stone_shovel":1,"minecraft:cooked_porkchop":21,"minecraft:crafting_table":1,"minecraft:wooden_pickaxe":1,"minecraft:cooked_chicken":32,"minecraft:furnace":3,"minecraft:copper_ingot":201,"minecraft:stone":48,"minecraft:birch_planks":136,"minecraft:bone_meal":4,"minecraft:stone_axe":2,"minecolonies:supplycampdeployer":1,"minecraft:cooked_mutton":27,"minecraft:air":1255,"magistuarmory:copper_lucernhammer":1,"magistuarmory:hilt":1,"minecraft:charcoal":16,"minecraft:birch_fence_gate":6,"minecraft:birch_fence":66,"minecraft:stick":72,"minecraft:iron_ingot":11,"minecraft:stone_pickaxe":18,"minecraft:stone_sword":2,"minecraft:chest":11,"minecraft:white_bed":2,"minecraft:torch":47,"minecraft:stone_hoe":1,"magistuarmory:leather_strip":1}},"DataVersion":3465}