{"stats":{"minecraft:picked_up":{"minecraft:allium":11,"minecraft:iron_chestplate":1,"simple_weapons:iron_scythe":1,"minecraft:pumpkin":2,"minecraft:carrot":16,"minecraft:dirt":9,"minecraft:wheat_seeds":1,"farmersdelight:onion":4,"magistuarmory:iron_concavehalberd":1,"minecraft:iron_ingot":4,"minecraft:bread":4,"minecraft:poppy":2,"minecraft:chest":1},"minecraft:used":{"magistuarmory:iron_concavehalberd":9,"minecraft:bread":5,"minecraft:dirt":6,"minecraft:carrot":8,"minecraft:allium":3,"alexsmobs:animal_dictionary":5},"minecraft:mined":{"farmersdelight:wild_onions":4,"minecraft:carrots":3,"farmersdelight:wild_carrots":12,"minecraft:pumpkin":2,"minecraft:allium":2,"minecraft:grass_block":3,"minecraft:poppy":1,"minecraft:chest":1,"minecraft:dirt":6},"minecraft:killed":{"minecraft:iron_golem":1},"minecraft:custom":{"minecraft:time_since_rest":3359,"minecraft:interact_with_furnace":1,"minecraft:sprint_one_cm":59609,"lootr:looted_stat":1,"minecraft:walk_one_cm":43861,"minecraft:damage_taken":480,"minecraft:mob_kills":1,"minecraft:animals_bred":1,"minecraft:damage_dealt":1472,"minecraft:swim_one_cm":926,"minecraft:talked_to_villager":4,"minecraft:fly_one_cm":63799,"minecraft:open_chest":1,"minecraft:crouch_one_cm":3110,"minecraft:play_time":31164,"minecraft:deaths":1,"minecraft:sneak_time":805,"minecraft:walk_under_water_one_cm":310,"minecraft:jump":249,"minecraft:leave_game":2,"minecraft:walk_on_water_one_cm":895,"minecraft:time_since_death":19759,"minecraft:sleep_in_bed":1,"minecraft:climb_one_cm":488,"minecraft:total_world_time":31164,"minecraft:fall_one_cm":11862},"minecraft:killed_by":{"minecraft:iron_golem":1}},"DataVersion":3465}