{"stats":{"minecraft:custom":{"minecraft:time_since_rest":1537,"minecraft:deaths":1,"minecraft:crouch_one_cm":1411,"minecraft:play_time":12916,"minecraft:sprint_one_cm":12879,"minecraft:damage_taken":480,"minecraft:walk_one_cm":13584,"minecraft:sneak_time":368,"minecraft:walk_under_water_one_cm":60,"minecraft:mob_kills":1,"minecraft:jump":67,"minecraft:damage_dealt":1472,"minecraft:leave_game":1,"minecraft:time_since_death":1511,"minecraft:walk_on_water_one_cm":162,"minecraft:total_world_time":12916,"minecraft:swim_one_cm":243,"minecraft:fall_one_cm":6552,"minecraft:fly_one_cm":18377},"minecraft:mined":{"minecraft:grass_block":3,"minecraft:carrots":1,"minecraft:dirt":6,"farmersdelight:wild_carrots":6},"minecraft:used":{"minecraft:dirt":6,"magistuarmory:iron_concavehalberd":9,"minecraft:carrot":6,"alexsmobs:animal_dictionary":1},"minecraft:picked_up":{"magistuarmory:iron_concavehalberd":1,"minecraft:iron_ingot":4,"minecraft:poppy":1,"minecraft:carrot":8,"minecraft:dirt":9},"minecraft:killed":{"minecraft:iron_golem":1},"minecraft:killed_by":{"minecraft:iron_golem":1}},"DataVersion":3465}