{"stats":{"minecraft:crafted":{"minecraft:oak_door":3,"minecraft:oak_planks":25,"minecraft:stone_shovel":7,"minecraft:barrel":1,"minecraft:iron_nugget":9,"minecolonies:blockhutbuilder":1,"domum_ornamentum:architectscutter":1,"minecraft:cobblestone_stairs":4,"minecraft:stone":3,"minecraft:bone_meal":3,"minecraft:spruce_fence":8,"minecraft:spruce_pressure_plate":1,"minecraft:spruce_stairs":50,"minecraft:iron_axe":1,"minecraft:spruce_slab":60,"minecraft:chest":2,"structurize:sceptergold":1,"minecraft:stone_hoe":1,"minecraft:wooden_shovel":1,"domum_ornamentum:double_crossed":4,"minecraft:emerald":7,"minecraft:crafting_table":2,"minecraft:spruce_planks":130,"minecraft:spruce_door":3,"minecraft:bucket":1,"minecolonies:blockhuttavern":1,"domum_ornamentum:horizontal_plain":4,"minecraft:air":317,"minecraft:stick":40,"minecraft:stone_slab":6,"minecolonies:blockhutcook":1,"minecraft:iron_pickaxe":1,"minecraft:iron_shovel":1,"minecraft:torch":26,"minecolonies:blockminecoloniesrack":2,"minecraft:shears":2},"minecraft:picked_up":{"minecraft:crafting_table":7,"minecraft:iron_chestplate":1,"minecraft:allium":25,"minecraft:gold_block":2,"domum_ornamentum:architectscutter":1,"minecraft:brewing_stand":1,"minecraft:cornflower":1,"minecraft:oak_trapdoor":1,"minecraft:string":1,"minecraft:iron_shovel":1,"minecolonies:blockhutguardtower":1,"minecraft:spruce_planks":12,"magistuarmory:iron_concavehalberd":1,"minecolonies:eggplant":3,"minecraft:poppy":4,"minecraft:sugar_cane":7,"minecraft:chest":3,"minecraft:egg":2,"minecraft:furnace":2,"minecraft:stick":2,"minecraft:oak_door":3,"minecraft:composter":2,"minecraft:torch":6,"sophisticatedbackpacks:backpack":1,"minecraft:carrot":371,"minecraft:arrow":6,"minecraft:rotten_flesh":5,"create:secondary_linear_chassis":2,"minecraft:beetroot_seeds":7,"farmersdelight:onion":12,"minecraft:carved_pumpkin":3,"minecraft:cobblestone":321,"simple_weapons:iron_scythe":1,"minecraft:andesite":60,"minecraft:potato":13,"minecraft:oak_log":25,"minecraft:dirt":880,"minecraft:white_banner":1,"minecraft:bone":8,"domum_ornamentum:side_framed":7,"minecraft:wheat_seeds":57,"minecraft:grindstone":1,"minecraft:iron_ingot":18,"minecolonies:garlic":1,"minecraft:pumpkin":27,"minecraft:sweet_berries":17,"minecolonies:durum":3,"minecraft:spruce_sapling":17,"minecraft:white_bed":3,"minecraft:spruce_log":152,"minecraft:green_carpet":2,"minecraft:spider_eye":2,"minecraft:pumpkin_seeds":20,"waystones:waystone":1,"minecraft:iron_helmet":3,"minecraft:bread":4,"minecraft:melon_seeds":2,"minecraft:coal":56},"minecraft:custom":{"lootr:looted_stat":5,"minecraft:mob_kills":15,"minecraft:animals_bred":1,"minecraft:interact_with_crafting_table":34,"minecraft:open_barrel":7,"minecraft:bell_ring":4,"minecraft:leave_game":7,"minecraft:time_since_death":195640,"minecraft:climb_one_cm":2928,"minecraft:sprint_one_cm":661911,"minecraft:walk_one_cm":643376,"minecraft:drop":26,"minecraft:talked_to_villager":28,"minecraft:play_time":238541,"minecraft:deaths":2,"minecraft:sneak_time":3174,"minecraft:walk_under_water_one_cm":4008,"minecraft:jump":2157,"minecraft:walk_on_water_one_cm":2887,"minecraft:total_world_time":238541,"minecraft:interact_with_furnace":6,"minecraft:traded_with_villager":7,"minecraft:sleep_in_bed":11,"minecraft:time_since_rest":6781,"minecraft:waystone_activated":2,"minecraft:damage_taken":1378,"minecraft:damage_dealt":3869,"minecraft:swim_one_cm":5287,"minecraft:fly_one_cm":406045,"minecraft:open_chest":64,"minecraft:crouch_one_cm":14215,"minecraft:fall_one_cm":44890},"minecraft:used":{"minecraft:oak_trapdoor":1,"minecraft:iron_shovel":280,"minecraft:carved_pumpkin":3,"minecraft:stone_shovel":491,"minecraft:chest":3,"minecraft:spruce_planks":12,"minecraft:stone_hoe":82,"minecraft:torch":6,"minecraft:dirt":228,"minecolonies:eggplant":2,"minecraft:carrot":283,"minecraft:allium":3,"minecraft:iron_axe":175,"minecraft:melon_seeds":2,"minecraft:sweet_berries":19,"minecraft:potato":16,"minecraft:pumpkin":9,"simple_weapons:iron_scythe":27,"minecraft:wheat_seeds":9,"minecraft:water_bucket":2,"domum_ornamentum:architectscutter":1,"magistuarmory:iron_concavehalberd":9,"minecraft:composter":2,"minecolonies:questlog":2,"farmersdelight:onion":14,"minecraft:crafting_table":8,"minecraft:white_bed":1,"minecraft:shears":5,"create:secondary_linear_chassis":2,"waystones:waystone":1,"minecraft:apple":3,"minecraft:bread":13,"minecraft:iron_pickaxe":310,"minecraft:spruce_sapling":1,"minecraft:cobblestone":7,"minecraft:bucket":3,"alexsmobs:animal_dictionary":6,"structurize:sceptergold":9,"minecraft:bone_meal":9},"minecraft:broken":{"minecraft:iron_shovel":2,"minecraft:iron_chestplate":1,"minecraft:iron_pickaxe":1,"minecraft:stone_shovel":3},"minecraft:killed_by":{"minecraft:player":1,"minecraft:iron_golem":1},"minecraft:dropped":{"minecraft:iron_helmet":3,"minecraft:spruce_stairs":52,"minecraft:cobblestone_stairs":2,"minecraft:dirt":308,"minecolonies:blockminecoloniesrack":2,"minecraft:green_carpet":2,"minecraft:stone_shovel":2,"minecraft:carrot":20,"minecraft:wooden_shovel":1,"minecraft:arrow":5,"minecraft:egg":1},"minecraft:killed":{"minecraft:spider":3,"minecraft:skeleton":3,"minecraft:drowned":1,"minecraft:iron_golem":1,"minecraft:pillager":3,"minecraft:zombie":2},"minecraft:mined":{"minecraft:spruce_planks":12,"farmersdelight:onions":2,"minecraft:white_bed":3,"farmersdelight:wild_carrots":12,"minecraft:brewing_stand":1,"minecraft:carved_pumpkin":3,"minecraft:allium":2,"minecraft:grass_block":643,"minecraft:composter":2,"farmersdelight:wild_onions":10,"create:secondary_linear_chassis":2,"minecraft:oak_trapdoor":1,"minecraft:spruce_sapling":5,"minecraft:furnace":2,"minecraft:carrots":127,"minecraft:andesite":60,"minecraft:pumpkin":28,"minecraft:gold_block":2,"minecraft:potatoes":13,"minecraft:green_carpet":2,"minecraft:stone":346,"minecraft:melon_stem":2,"minecraft:crafting_table":6,"minecraft:torch":2,"minecraft:poppy":1,"minecraft:chest":2,"minecraft:tall_grass":19,"minecraft:cobblestone":5,"minecraft:grindstone":1,"minecraft:sugar_cane":4,"minecraft:wall_torch":3,"minecolonies:blockhutguardtower":1,"minecraft:wheat":42,"minecraft:spruce_log":152,"minecraft:grass":41,"minecraft:oak_log":25,"minecraft:coal_ore":57,"minecraft:beetroots":7,"minecraft:dirt":163,"domum_ornamentum:architectscutter":1,"minecraft:oak_leaves":3}},"DataVersion":3465}