{"stats":{"minecraft:picked_up":{"minecraft:yellow_bed":1},"minecraft:mined":{"minecraft:spruce_leaves":1},"minecraft:custom":{"minecraft:time_since_rest":17687,"minecraft:play_time":17687,"minecraft:crouch_one_cm":220,"minecraft:sprint_one_cm":7479,"minecraft:damage_taken":60,"minecraft:walk_one_cm":20871,"minecraft:sneak_time":202,"minecraft:walk_under_water_one_cm":789,"minecraft:drop":114,"minecraft:jump":161,"minecraft:leave_game":1,"minecraft:time_since_death":17687,"minecraft:walk_on_water_one_cm":1699,"minecraft:total_world_time":17687,"minecraft:fall_one_cm":22043,"minecraft:fly_one_cm":29475},"minecraft:dropped":{"minecraft:beetroot":1,"minecraft:gravel":4,"farmersdelight:onion":2,"minecraft:dirt":1,"minecraft:potato":21,"minecraft:hay_block":8,"minecraft:sweet_berries":9,"minecraft:sugar_cane":6,"minecraft:wheat_seeds":4,"minecraft:golden_helmet":1,"minecraft:iron_nugget":10,"minecraft:white_bed":3,"minecraft:beetroot_seeds":3,"minecraft:carrot":15,"minecraft:yellow_bed":4,"minecraft:wheat":2,"minecraft:obsidian":3,"minecraft:flint_and_steel":1,"minecraft:map":9,"minecraft:oak_sapling":3,"minecraft:flint":3,"minecraft:emerald":2}},"DataVersion":3465}