{"stats":{"minecraft:broken":{"minecraft:wooden_shovel":1,"minecraft:stone_sword":1,"minecraft:wooden_pickaxe":1,"minecraft:stone_pickaxe":2,"magistuarmory:copper_guisarme":1},"minecraft:used":{"minecraft:stone_sword":108,"minecraft:chest":7,"minecraft:wooden_shovel":59,"minecraft:oak_door":1,"minecraft:dirt":4,"minecraft:wooden_axe":23,"minecraft:birch_sapling":3,"minecraft:furnace":2,"minecraft:egg":1,"minecraft:cooked_beef":4,"minecraft:cooked_mutton":7,"minecraft:birch_planks":8,"minecraft:stone_pickaxe":328,"minecraft:wooden_pickaxe":60,"minecraft:sand":50,"minecraft:crafting_table":4,"minecraft:light_gray_terracotta":7,"minecraft:white_bed":2,"minecraft:gray_terracotta":23,"minecraft:bread":7,"minecraft:gravel":2,"magistuarmory:copper_guisarme":102,"alexsmobs:animal_dictionary":2},"minecraft:dropped":{"minecraft:porkchop":6,"minecraft:cobblestone":11,"minecraft:mutton":2,"magistuarmory:copper_lucernhammer":1,"minecraft:white_wool":4,"minecraft:birch_sapling":1,"minecraft:cooked_mutton":2,"magistuarmory:copper_guisarme":2},"minecraft:custom":{"minecraft:mob_kills":36,"minecraft:animals_bred":1,"minecraft:interact_with_crafting_table":11,"minecraft:damage_dealt_resisted":289,"minecraft:leave_game":3,"minecraft:time_since_death":41715,"minecraft:climb_one_cm":3706,"minecraft:damage_resisted":103,"minecraft:sprint_one_cm":297517,"minecraft:walk_one_cm":747199,"minecraft:drop":23,"minecraft:talked_to_villager":3,"minecraft:play_time":163926,"minecraft:deaths":5,"minecraft:sneak_time":3012,"minecraft:walk_under_water_one_cm":8412,"minecraft:jump":1611,"minecraft:walk_on_water_one_cm":13618,"minecraft:total_world_time":163926,"minecraft:interact_with_furnace":17,"minecraft:sleep_in_bed":7,"minecraft:time_since_rest":30013,"minecraft:damage_absorbed":20,"minecraft:damage_taken":2545,"minecraft:damage_dealt":6290,"minecraft:swim_one_cm":14280,"minecraft:fly_one_cm":245276,"minecraft:open_chest":32,"minecraft:crouch_one_cm":1328,"minecraft:fall_one_cm":116392},"minecraft:picked_up":{"minecolonies:blockhuttownhall":1,"minecraft:cocoa_beans":6,"minecraft:charcoal":6,"minecraft:crafting_table":2,"minecraft:coarse_dirt":2,"minecraft:allium":25,"minecraft:lead":3,"minecraft:wooden_pickaxe":1,"minecraft:string":30,"minecraft:raw_copper":80,"minecraft:beetroot":1,"minecraft:black_glazed_terracotta":10,"minecraft:beef":9,"minecraft:rose_bush":7,"minecraft:jungle_sapling":2,"minecraft:poppy":4,"minecraft:chest":3,"minecraft:birch_sapling":11,"minecraft:egg":1,"minecraft:furnace":3,"minecraft:stick":3,"minecraft:raw_iron":3,"minecraft:oak_door":1,"minecraft:copper_ingot":13,"minecraft:oak_fence":2,"minecraft:torch":1,"minecraft:porkchop":8,"minecraft:diorite":1,"minecraft:carrot":12,"minecolonies:blockhutcitizen":1,"domum_ornamentum:beige_stone_bricks":1,"minecraft:stone_sword":1,"minecraft:arrow":2,"minecraft:rotten_flesh":11,"minecraft:beetroot_seeds":9,"minecraft:peony":22,"farmersdelight:onion":9,"minecraft:hay_block":3,"minecraft:brick_stairs":3,"minecraft:mutton":2,"minecraft:white_wool":4,"minecraft:cobblestone":48,"minecraft:birch_log":19,"minecraft:cooked_beef":2,"minecraft:lilac":6,"magistuarmory:copper_guisarme":2,"minecraft:jungle_log":5,"minecraft:leather":6,"minecolonies:blockhutcook":2,"minecraft:birch_planks":1,"minecraft:flint":1,"minecraft:tuff":2,"minecraft:oak_log":2,"domum_ornamentum:beige_bricks":1,"minecraft:dirt":53,"minecraft:cooked_mutton":8,"minecraft:bone":2,"minecraft:gray_terracotta":24,"minecraft:wheat_seeds":2,"minecraft:stone_pickaxe":1,"minecraft:bamboo":11,"minecraft:pumpkin":5,"minecraft:dandelion":3,"minecraft:oak_pressure_plate":1,"minecraft:gravel":14,"minecraft:sand":184,"minecolonies:durum":1,"magistuarmory:copper_lucernhammer":1,"minecraft:white_bed":2,"minecraft:lily_of_the_valley":6,"minecraft:red_terracotta":9,"minecraft:spider_eye":1,"minecraft:light_gray_terracotta":10,"create:crimsite":72,"waystones:waystone":1,"magistuarmory:leather_strip":3,"alexsmobs:maggot":4,"minecraft:bricks":2,"minecraft:coal":86},"minecraft:killed":{"minecraft:witch":1,"alexsmobs:raccoon":1,"minecraft:spider":1,"minecraft:skeleton":3,"minecraft:pig":3,"alexsmobs:grizzly_bear":1,"minecraft:wandering_trader":1,"minecraft:sheep":1,"minecraft:trader_llama":2,"minecraft:zombie":14,"alexsmobs:terrapin":1,"alexsmobs:fly":1,"minecraft:cow":5},"minecraft:killed_by":{"alexsmobs:grizzly_bear":5},"minecraft:mined":{"minecraft:tuff":2,"minecraft:white_bed":2,"minecolonies:blockhutcitizen":1,"minecolonies:blockhuttownhall":1,"farmersdelight:wild_carrots":12,"minecraft:jungle_leaves":33,"minecraft:allium":8,"minecraft:grass_block":38,"minecraft:brick_stairs":3,"minecraft:jungle_log":5,"minecraft:oak_pressure_plate":1,"minecraft:hay_block":3,"farmersdelight:wild_onions":9,"minecraft:furnace":2,"minecraft:black_glazed_terracotta":10,"minecraft:iron_ore":3,"minecraft:fire":2,"minecraft:pumpkin":5,"minecraft:peony":22,"domum_ornamentum:beige_stone_bricks":1,"minecraft:bamboo":1,"minecraft:stone":44,"minecraft:gray_terracotta":24,"minecraft:lily_of_the_valley":7,"minecraft:dandelion":4,"domum_ornamentum:beige_bricks":1,"minecraft:oak_fence":2,"minecraft:crafting_table":2,"minecraft:light_gray_terracotta":10,"minecraft:poppy":4,"minecraft:chest":3,"minecraft:rose_bush":7,"minecolonies:blockhutcook":2,"minecraft:campfire":3,"minecraft:copper_ore":21,"minecraft:bricks":2,"minecraft:diorite":1,"farmersdelight:wild_beetroots":9,"minecraft:birch_planks":2,"minecraft:red_terracotta":9,"farmersdelight:sandy_shrub":8,"minecraft:coarse_dirt":2,"minecraft:birch_log":27,"minecraft:lilac":6,"minecraft:birch_leaves":18,"minecraft:grass":8,"minecraft:oak_log":2,"minecraft:coal_ore":86,"minecraft:cocoa":4,"minecraft:gravel":15,"minecraft:sand":189,"minecraft:dirt":20,"minecraft:cobweb":29,"create:crimsite":89,"minecraft:suspicious_gravel":1},"minecraft:crafted":{"magistuarmory:copper_guisarme":1,"minecraft:furnace":1,"magistuarmory:hilt":3,"minecraft:stone_pickaxe":2,"minecraft:chest":4,"magistuarmory:copper_shortsword":1,"magistuarmory:pole":1,"minecraft:wooden_shovel":1,"minecraft:crafting_table":2,"minecraft:copper_ingot":45,"minecraft:birch_planks":20,"minecraft:air":114,"minecraft:jungle_planks":5,"minecraft:charcoal":13,"minecraft:stick":22,"minecraft:wooden_axe":1,"minecraft:torch":20}},"DataVersion":3465}