{"stats":{"minecraft:broken":{"minecraft:wooden_shovel":1},"minecraft:used":{"minecraft:cooked_mutton":4,"minecraft:stone_sword":62,"minecraft:birch_planks":4,"minecraft:stone_pickaxe":100,"minecraft:wooden_pickaxe":9,"minecraft:wooden_shovel":59,"minecraft:dirt":4,"minecraft:sand":47,"minecraft:crafting_table":3,"minecraft:white_bed":2,"minecraft:gravel":2,"minecraft:furnace":2,"alexsmobs:animal_dictionary":2,"minecraft:cooked_beef":1},"minecraft:dropped":{"minecraft:porkchop":6,"minecraft:cobblestone":11,"minecraft:cooked_mutton":2,"magistuarmory:copper_guisarme":1,"minecraft:mutton":2,"magistuarmory:copper_lucernhammer":1,"minecraft:white_wool":4},"minecraft:custom":{"minecraft:interact_with_furnace":14,"minecraft:mob_kills":18,"minecraft:interact_with_crafting_table":8,"minecraft:leave_game":1,"minecraft:time_since_death":59779,"minecraft:sleep_in_bed":4,"minecraft:damage_resisted":103,"minecraft:time_since_rest":9455,"minecraft:sprint_one_cm":65790,"minecraft:damage_absorbed":20,"minecraft:damage_taken":726,"minecraft:walk_one_cm":235812,"minecraft:drop":21,"minecraft:damage_dealt":2411,"minecraft:swim_one_cm":2239,"minecraft:fly_one_cm":40037,"minecraft:crouch_one_cm":65,"minecraft:play_time":59779,"minecraft:sneak_time":299,"minecraft:walk_under_water_one_cm":7076,"minecraft:jump":423,"minecraft:walk_on_water_one_cm":5916,"minecraft:total_world_time":59779,"minecraft:fall_one_cm":24596},"minecraft:picked_up":{"minecraft:birch_log":10,"minecraft:crafting_table":2,"minecraft:cooked_beef":2,"magistuarmory:copper_guisarme":1,"minecraft:leather":3,"minecraft:wooden_pickaxe":1,"minecraft:birch_planks":1,"minecraft:flint":1,"minecraft:tuff":2,"minecraft:dirt":45,"minecraft:string":1,"minecraft:raw_copper":53,"minecraft:cooked_mutton":8,"minecraft:wheat_seeds":1,"minecraft:stone_pickaxe":1,"minecraft:beef":6,"minecraft:furnace":1,"minecraft:stick":2,"minecraft:raw_iron":1,"minecraft:copper_ingot":13,"minecraft:gravel":5,"minecraft:porkchop":6,"minecraft:sand":181,"magistuarmory:copper_lucernhammer":1,"minecraft:diorite":1,"minecraft:white_bed":2,"minecraft:spider_eye":1,"minecraft:stone_sword":1,"minecraft:rotten_flesh":3,"magistuarmory:leather_strip":3,"alexsmobs:maggot":2,"minecraft:mutton":2,"minecraft:coal":57,"minecraft:white_wool":4,"minecraft:cobblestone":19},"minecraft:killed":{"minecraft:pig":2,"minecraft:witch":1,"alexsmobs:raccoon":1,"minecraft:spider":1,"minecraft:sheep":1,"minecraft:zombie":6,"alexsmobs:terrapin":1,"minecraft:cow":4},"minecraft:mined":{"minecraft:tuff":2,"minecraft:white_bed":2,"minecraft:crafting_table":2,"minecraft:grass_block":33,"minecraft:copper_ore":14,"minecraft:diorite":1,"minecraft:birch_planks":2,"minecraft:fire":2,"minecraft:birch_log":10,"minecraft:iron_ore":1,"minecraft:grass":2,"minecraft:coal_ore":57,"minecraft:gravel":6,"minecraft:sand":186,"minecraft:dirt":17,"minecraft:stone":15},"minecraft:crafted":{"magistuarmory:copper_guisarme":1,"minecraft:wooden_shovel":1,"minecraft:crafting_table":1,"minecraft:furnace":1,"minecraft:copper_ingot":18,"minecraft:birch_planks":10,"minecraft:air":44,"magistuarmory:hilt":3,"minecraft:charcoal":13,"minecraft:stick":16,"magistuarmory:copper_shortsword":1,"magistuarmory:pole":1,"minecraft:torch":20}},"DataVersion":3465}