{"stats":{"minecraft:crafted":{"minecraft:smooth_stone":1,"minecraft:barrel":8,"ojs_rpg_origins:whelm":1,"minecraft:stone":1,"minecraft:bookshelf":43,"create:vertical_gearbox":2,"minecraft:glass":0,"minecraft:bow":1,"stalwart_dungeons:tungsten_pickaxe":1,"minecraft:chest":18,"simple_weapons:iron_katana":1,"minecraft:copper_block":2,"create:cogwheel":11,"minecraft:emerald":1,"sophisticatedbackpacks:backpack":1,"minecraft:cooked_porkchop":5,"minecraft:cauldron":3,"minecraft:crafting_table":1,"minecraft:spruce_planks":110,"create:mechanical_saw":1,"create:fluid_pipe":4,"minecraft:baked_potato":21,"create:zinc_nugget":33,"minecraft:copper_ingot":88,"minecraft:brewing_stand":2,"minecraft:birch_planks":8,"create:mechanical_mixer":1,"create:gearbox":1,"farmersdelight:cutting_board":1,"minecraft:lectern":1,"minecraft:diamond_pickaxe":2,"minecraft:golden_leggings":1,"minecraft:shield":1,"create:framed_glass_trapdoor":12,"minecraft:stick":28,"create:mechanical_pump":2,"minecraft:iron_ingot":47,"minecraft:iron_pickaxe":2,"minecraft:gold_ingot":35,"create:large_cogwheel":1,"minecraft:composter":1,"minecraft:tube_coral_block":1,"create:empty_blaze_burner":4,"minecraft:wooden_sword":1,"create:wrench":1,"create:steam_engine":2,"minecraft:furnace":1,"minecraft:blast_furnace":1,"minecraft:dark_oak_trapdoor":8,"minecraft:spruce_slab":30,"minecraft:stone_pickaxe":2,"create:fluid_tank":8,"create:basin":1,"alexsmobs:flying_fish_boots":3,"create:belt_connector":3,"minecraft:golden_helmet":1,"alexsmobs:blood_sprayer":1,"minecraft:wheat":22,"create:andesite_alloy":39,"create:hand_crank":1,"ojs_rpg_origins:sapphire_rare":0,"minecraft:enchanting_table":1,"create:dough":2,"create:goggles":1,"minecraft:bucket":1,"minecraft:stone_axe":1,"minecraft:air":1071,"minecraft:bread":106,"ojs_rpg_origins:sapphire_block":1,"create:whisk":1,"simple_weapons:diamond_katana":1,"create:blaze_burner":4,"minecraft:wooden_axe":1,"minecraft:iron_leggings":1,"ojs_rpg_origins:sapphire":12,"create:shaft":25,"minecraft:andesite":128,"minecraft:torch":36,"create:zinc_ingot":78},"minecraft:picked_up":{"minecraft:wooden_axe":1,"minecraft:iron_chestplate":3,"minecraft:wheat":19,"minecraft:black_carpet":1,"minecraft:lead":2,"create:wrench":1,"minecraft:enchanted_book":3,"minecraft:potion":5,"minecraft:nether_brick":477,"minecraft:brewing_stand":3,"minecraft:amethyst_block":129,"paraglider:goddess_statue":1,"minecraft:string":92,"minecraft:soul_soil":42,"minecraft:raw_copper":358,"minecraft:red_nether_bricks":9,"minecraft:iron_leggings":1,"alexsmobs:dropbear_claw":2,"minecraft:smooth_stone":2,"minecraft:gold_nugget":30,"alexsmobs:blood_sac":11,"create:cart_assembler":1,"create:mechanical_press":10,"minecraft:cobbled_deepslate":274,"reliquary:zombie_heart":2,"minecraft:bucket":2,"minecraft:spruce_planks":10,"minecraft:azalea":6,"simple_weapons:diamond_katana":3,"alexsmobs:raccoon_tail":1,"minecraft:iron_boots":5,"minecraft:furnace":9,"minecraft:polished_blackstone_brick_slab":1,"minecraft:stick":36,"create:mechanical_mixer":1,"create:dough":9,"minecraft:big_dripleaf":5,"minecraft:torch":54,"create:andesite_casing":30,"minecraft:porkchop":27,"minecraft:golden_axe":2,"minecraft:dried_kelp":108,"minecraft:pointed_dripstone":10,"minecraft:diorite":106,"minecraft:cauldron":1,"minecraft:chiseled_nether_bricks":4,"stalwart_dungeons:soul_magma_bricks":1,"minecolonies:blockhutcitizen":1,"create:large_cogwheel":9,"minecraft:stone_sword":1,"minecraft:rotten_flesh":78,"minecraft:tropical_fish":3,"farmersdelight:onion":12,"farmersdelight:tree_bark":2,"create:ochrum":93,"reliquary:mob_charm_fragment":2,"minecraft:blaze_rod":217,"minecraft:obsidian":4,"minecraft:cod":1,"alexsmobs:flying_fish":6,"minecraft:cobblestone":1002,"minecraft:nautilus_shell":4,"minecraft:birch_log":4,"minecraft:furnace_minecart":1,"minecraft:magma_block":1,"minecraft:polished_diorite_slab":1,"minecraft:feather":2,"minecraft:lilac":2,"minecraft:magma_cream":2,"create:fluid_tank":28,"minecraft:andesite":43,"paraglider:spirit_orb":22,"create:belt_connector":11,"minecraft:flint":29,"minecraft:tuff":8,"create:raw_zinc":175,"minecolonies:blockhutbuilder":1,"farmersdelight:cooked_bacon":3,"minecraft:lapis_lazuli":95,"minecraft:dirt":533,"create:encased_chain_drive":3,"create:mechanical_plough":1,"stalwart_dungeons:blaze_armor_scrap":5,"minecraft:glass":24,"minecraft:bone":49,"domum_ornamentum:blockbarreldeco_onside":1,"minecraft:stonecutter":1,"minecraft:bow":2,"minecraft:wheat_seeds":15,"minecraft:raw_gold":33,"create:mechanical_drill":20,"minecraft:grindstone":2,"create:goggles":1,"create:shaft":50,"minecraft:glowstone_dust":142,"minecraft:moss_block":88,"minecraft:oak_planks":2,"simple_weapons:stone_scimitar":1,"create:cogwheel":21,"minecraft:sand":877,"minecolonies:durum":2,"minecraft:stripped_spruce_log":8,"minecraft:ink_sac":2,"minecraft:spectral_arrow":63,"minecraft:dark_oak_log":1,"minecraft:barrel":1,"minecraft:diamond":5,"minecraft:lever":1,"waystones:waystone":2,"minecraft:cracked_polished_blackstone_bricks":22,"minecraft:granite":28,"minecraft:bone_meal":3,"minecraft:emerald":3,"alexsmobs:maggot":1,"minecraft:oak_sapling":15,"minecraft:netherrack":267,"minecraft:crimson_roots":1,"minecraft:diamond_pickaxe":1,"create:copper_sheet":18,"minecraft:fishing_rod":2,"minecraft:charcoal":50,"minecolonies:blockhuttownhall":1,"minecraft:allium":25,"minecraft:azure_bluet":7,"minecraft:chicken":1,"minecraft:nether_wart":17,"minecraft:clay_ball":1108,"minecraft:golden_pickaxe":1,"minecraft:gold_block":2,"stalwart_dungeons:soul_bricks":2,"minecraft:cornflower":1,"alexsmobs:pigshoes":2,"minecraft:moss_carpet":22,"create:fluid_pipe":17,"minecraft:white_carpet":2,"minecraft:blackstone":117,"create:basin":1,"minecraft:iron_nugget":31,"minecraft:chest":2,"minecraft:sugar_cane":9,"antiquelegacy:weathered_eagle_standard":2,"minecraft:birch_sapling":8,"minecraft:spruce_trapdoor":1,"minecraft:egg":2,"minecraft:dark_oak_sapling":5,"minecraft:raw_iron":193,"reliquary:rib_bone":1,"create:golden_sheet":7,"minecraft:copper_ingot":10,"sophisticatedbackpacks:backpack":1,"minecraft:spruce_fence":5,"minecraft:fire_charge":6,"minecraft:polished_blackstone_bricks":18,"create:hand_crank":30,"minecraft:trident":1,"minecraft:redstone":227,"ojs_rpg_origins:raw_sapphire":22,"create:zinc_ingot":39,"create:steam_engine":8,"create:vertical_gearbox":4,"minecraft:dark_oak_planks":146,"create:deployer":2,"minecraft:arrow":26,"minecraft:weeping_vines":3,"minecraft:nether_bricks":280,"minecraft:hay_block":19,"stalwart_dungeons:tungsten_axe":1,"minecraft:gold_ingot":53,"minecraft:saddle":2,"minecraft:totem_of_undying":1,"minecraft:bone_block":15,"minecraft:mutton":9,"minecraft:white_wool":6,"minecraft:rail":7,"create:iron_sheet":33,"domum_ornamentum:blockbarreldeco_standing":4,"minecraft:crimson_stem":9,"minecraft:salmon":6,"minecraft:leather":25,"minecraft:red_mushroom":62,"create:framed_glass_trapdoor":14,"minecolonies:onion":1,"minecraft:gunpowder":2,"minecraft:yellow_bed":1,"minecraft:nether_wart_block":3,"minecraft:cobblestone_stairs":1,"create:blaze_burner":10,"alexsmobs:mosquito_proboscis":2,"minecraft:white_banner":6,"minecraft:apple":1,"minecraft:kelp":480,"stalwart_dungeons:pusher":21,"minecraft:iron_ingot":68,"minecolonies:blockhuttavern":1,"minecraft:glass_bottle":1,"minecolonies:garlic":1,"minecraft:flowering_azalea":1,"minecraft:soul_sand":328,"minecraft:book":360,"create:mechanical_saw":8,"stalwart_dungeons:transient_block_close":74,"minecraft:warped_fungus":1,"minecraft:sweet_berries":74,"minecraft:quartz":111,"minecraft:cracked_nether_bricks":1,"minecraft:gravel":581,"minecraft:lava_bucket":1,"stalwart_dungeons:soul_tiles":1,"minecraft:spruce_sapling":26,"minecraft:spruce_log":116,"minecraft:crying_obsidian":13,"minecraft:spider_eye":13,"create:gearbox":1,"create:copper_diving_helmet":2,"create:wheat_flour":78,"create:millstone":3,"create:mechanical_pump":11,"minecraft:iron_helmet":2,"minecraft:coal":444,"minecraft:ender_pearl":6},"minecraft:used":{"farmersdelight:cabbage_rolls":16,"minecraft:chest":18,"paraglider:goddess_statue":1,"create:fluid_tank":22,"minecraft:soul_sand":7,"create:cogwheel":42,"minecraft:nether_bricks":68,"minecraft:carrot":10,"create:creative_crate":3,"stalwart_dungeons:tungsten_pickaxe":445,"minecraft:obsidian":2,"minecraft:lava_bucket":12,"create:millstone":2,"minecraft:bow":2,"farmersdelight:cutting_board":1,"minecraft:sweet_berries":32,"create:shaft":52,"create:steam_engine":9,"minecraft:furnace":8,"minecraft:cooked_cod":2,"minecraft:beetroot_seeds":3,"minecraft:egg":2,"minecraft:potato":5,"minecraft:diorite":2,"minecraft:blackstone":56,"minecraft:stone_pickaxe":247,"stalwart_dungeons:transient_block_close":2,"minecraft:composter":1,"create:mechanical_saw":9,"simple_weapons:diamond_katana":1049,"minecraft:golden_apple":3,"minecraft:glow_berries":6,"minecraft:blast_furnace":1,"waystones:waystone":1,"minecraft:lever":1,"minecraft:bread":46,"minecraft:lectern":1,"minecraft:gravel":1,"create:basin":2,"minecraft:grindstone":2,"create:vertical_gearbox":6,"ojs_rpg_origins:whelm":20,"minecraft:golden_pickaxe":5,"minecraft:bone_meal":3,"create:large_cogwheel":8,"minecraft:stone_sword":129,"minecraft:enchanting_table":1,"minecraft:flint_and_steel":7,"minecraft:spruce_planks":12,"minecraft:netherrack":64,"simple_weapons:stone_scimitar":4,"minecraft:dirt":171,"minecraft:torch":53,"minecraft:brewing_stand":3,"create:mechanical_pump":12,"minecraft:wheat":1,"create:mechanical_mixer":3,"simple_weapons:iron_katana":363,"minecraft:granite":4,"minecraft:dark_oak_planks":10,"minecraft:wooden_axe":50,"minecraft:bookshelf":42,"create:wrench":22,"create:gearbox":1,"simple_weapons:iron_spear":24,"create:encased_chain_drive":3,"minecraft:golden_carrot":1,"minecraft:cooked_beef":1,"create:fluid_pipe":18,"minecraft:pointed_dripstone":6,"create:belt_connector":42,"minecraft:golden_axe":4,"minecraft:wheat_seeds":6,"minecraft:cooked_mutton":12,"minecraft:water_bucket":15,"minecraft:glass_bottle":1,"minecraft:cauldron":4,"minecraft:stonecutter":1,"create:framed_glass_trapdoor":25,"create:blaze_burner":13,"minecraft:salmon":2,"farmersdelight:onion":4,"minecraft:crafting_table":1,"minecraft:spruce_log":36,"minecraft:diamond_pickaxe":3355,"minecraft:apple":1,"create:mechanical_press":10,"minecraft:iron_pickaxe":264,"minecraft:map":1,"minecraft:stone_axe":17,"minecraft:cobblestone":615,"minecraft:potion":2,"minecraft:porkchop":2,"minecraft:cooked_porkchop":15,"minecraft:bucket":49,"alexsmobs:animal_dictionary":1,"create:hand_crank":33},"minecraft:custom":{"lootr:looted_stat":28,"minecraft:animals_bred":2,"minecraft:interact_with_crafting_table":107,"minecraft:open_barrel":6,"minecraft:leave_game":16,"minecraft:time_since_death":5314,"minecraft:damage_resisted":52,"minecraft:sprint_one_cm":1011542,"minecraft:drop":712,"minecraft:talked_to_villager":42,"minecraft:play_time":989912,"minecraft:deaths":73,"minecraft:jump":8841,"minecraft:interact_with_brewingstand":5,"minecraft:walk_on_water_one_cm":478162,"minecraft:enchant_item":7,"minecraft:interact_with_furnace":117,"minecraft:traded_with_villager":12,"minecraft:sleep_in_bed":11,"minecraft:waystone_activated":2,"minecraft:damage_dealt":82637,"minecraft:player_kills":3,"minecraft:crouch_one_cm":84557,"minecraft:use_cauldron":14,"minecraft:horse_one_cm":498,"minecraft:interact_with_anvil":8,"minecraft:mob_kills":499,"minecraft:damage_dealt_resisted":1394,"minecraft:climb_one_cm":4195,"minecraft:walk_one_cm":2783611,"minecraft:raid_win":1,"minecraft:sneak_time":39632,"minecraft:walk_under_water_one_cm":360384,"minecraft:interact_with_blast_furnace":6,"minecraft:total_world_time":989912,"minecraft:raid_trigger":1,"minecraft:interact_with_stonecutter":1,"minecraft:time_since_rest":5336,"minecraft:damage_absorbed":120,"minecraft:damage_taken":26863,"minecraft:swim_one_cm":263682,"minecraft:fly_one_cm":2179303,"minecraft:open_chest":981,"minecraft:fall_one_cm":934170},"minecraft:broken":{"minecraft:iron_boots":2,"minecraft:iron_chestplate":1,"minecraft:golden_leggings":1,"minecraft:stone_pickaxe":2,"minecraft:diamond_pickaxe":1,"minecraft:wooden_axe":1,"minecraft:stone_sword":1,"simple_weapons:iron_katana":1},"minecraft:killed_by":{"minecraft:evoker":1,"minecraft:zombified_piglin":1,"minecraft:piglin_brute":2,"minecraft:pillager":1,"minecraft:ravager":7,"minecraft:drowned":7,"minecraft:vindicator":7,"minecraft:zombie":2,"stalwart_dungeons:reinforced_blaze":1,"stalwart_dungeons:incomplete_wither":5,"minecraft:vex":1,"alexsmobs:giant_squid":1,"minecraft:player":2,"minecraft:enderman":1,"stalwart_dungeons:giddy_blaze":21,"minecraft:warden":2,"minecraft:skeleton":3,"minecraft:guardian":1,"alexsmobs:crimson_mosquito":2},"minecraft:dropped":{"minecraft:soul_sand":64,"minecraft:moss_block":75,"minecraft:golden_pickaxe":2,"alexsmobs:flying_fish_boots":1,"minecraft:red_mushroom":62,"minecraft:flint":3,"create:copper_diving_helmet":1,"minecraft:emerald":2,"minecraft:dirt":81,"farmersdelight:onion":36,"create:iron_sheet":9,"minecraft:sand":2,"minecraft:iron_pickaxe":1,"minecraft:gold_ingot":138,"minecraft:gravel":8,"minecraft:sugar_cane":6,"minecraft:iron_nugget":11,"minecraft:cobbled_deepslate":1,"minecraft:nether_brick":3,"minecraft:wheat":56,"minecraft:obsidian":5,"antiquelegacy:weathered_eagle_standard":2,"farmersdelight:cabbage":49,"minecraft:beetroot":1,"minecraft:cooked_mutton":3,"minecraft:white_bed":3,"minecraft:salmon":1,"minecraft:carrot":15,"minecraft:beetroot_seeds":3,"create:wrench":1,"minecraft:azalea":5,"create:wheat_flour":93,"minecraft:enchanted_book":1,"minecraft:iron_ingot":150,"minecraft:bread":52,"minecraft:wheat_seeds":25,"minecraft:golden_helmet":1,"minecraft:golden_axe":1,"minecraft:iron_helmet":1,"minecraft:cobblestone":95,"minecraft:granite":12,"minecraft:copper_ingot":54,"minecraft:lava_bucket":2,"farmersdelight:cabbage_rolls":10,"minecraft:diorite":101,"minecraft:torch":24,"minecraft:diamond_helmet":1,"minecraft:map":9,"minecraft:bucket":1,"minecraft:moss_carpet":15,"minecraft:kelp":128,"minecraft:sweet_berries":16,"alexsmobs:maggot":1,"minecraft:soul_soil":21,"create:ochrum":93,"create:shaft":11,"simple_weapons:diamond_katana":3,"minecraft:iron_boots":1,"sophisticatedbackpacks:backpack":1,"minecraft:flint_and_steel":1,"minecraft:potato":21,"minecraft:hay_block":8,"create:dough":27,"minecraft:spruce_planks":10,"create:zinc_ingot":66,"minecraft:diamond_pickaxe":2,"minecraft:andesite":27,"minecraft:yellow_bed":4,"minecraft:oak_sapling":3,"minecraft:spruce_log":8,"minecolonies:durum":1},"minecraft:killed":{"minecraft:cave_spider":6,"minecraft:witch":4,"minecraft:spider":25,"minecraft:skeleton":20,"minecraft:guardian":1,"minecraft:magma_cube":15,"minecraft:piglin":9,"minecraft:pig":8,"minecraft:zombie_villager":1,"minecraft:salmon":5,"stalwart_dungeons:giddy_blaze":223,"alexsmobs:crimson_mosquito":15,"minecraft:sheep":5,"minecraft:pillager":16,"stalwart_dungeons:incomplete_wither":13,"minecraft:donkey":1,"minecraft:zombie":53,"alexsmobs:fly":1,"minecraft:evoker":1,"alexsmobs:dropbear":1,"alexsmobs:raccoon":1,"minecraft:vindicator":4,"stalwart_dungeons:nether_wart_cocoon":14,"minecraft:drowned":24,"alexsmobs:flying_fish":6,"stalwart_dungeons:reinforced_blaze":7,"minecraft:ravager":1,"minecraft:hoglin":5,"minecraft:enderman":3},"minecraft:mined":{"minecraft:dark_oak_planks":140,"create:deepslate_zinc_ore":70,"minecraft:spruce_planks":5,"create:andesite_casing":37,"minecraft:cobblestone_stairs":1,"minecraft:red_nether_bricks":12,"minecraft:brewing_stand":2,"minecraft:granite":14,"minecraft:grass_block":254,"minecraft:cracked_polished_blackstone_bricks":23,"minecraft:soul_soil":22,"minecraft:polished_blackstone_brick_slab":1,"create:belt":10,"create:powered_shaft":4,"minecraft:nether_wart":2,"minecraft:spawner":12,"minecraft:weeping_vines_plant":2,"minecraft:smooth_stone":2,"minecraft:polished_blackstone_bricks":20,"minecraft:tall_seagrass":26,"minecraft:magma_block":1,"minecraft:glowstone":46,"minecraft:iron_ore":97,"minecraft:barrel":1,"minecraft:fire":9,"minecraft:black_carpet":1,"domum_ornamentum:blockbarreldeco_onside":1,"minecraft:deepslate_lapis_ore":7,"minecraft:azure_bluet":8,"minecraft:pointed_dripstone":3,"create:mechanical_plough":1,"stalwart_dungeons:soul_magma_bricks":4,"create:mechanical_press":10,"ojs_rpg_origins:deepslate_sapphire_ore":4,"minecraft:deepslate_redstone_ore":17,"create:cogwheel":23,"stalwart_dungeons:soul_tiles":1,"minecraft:blackstone":9,"create:steam_engine":8,"minecraft:kelp_plant":55,"stalwart_dungeons:transient_block_close":86,"minecraft:powder_snow":19,"minecraft:clay":242,"minecraft:torch":34,"minecraft:chest":1,"minecraft:polished_diorite_slab":1,"minecraft:cobblestone":160,"minecraft:nether_quartz_ore":104,"minecraft:sugar_cane":5,"minecraft:grindstone":2,"minecraft:wall_torch":25,"minecraft:amethyst_block":130,"minecraft:cauldron":1,"minecraft:deepslate_copper_ore":5,"create:basin":1,"minecraft:seagrass":3,"domum_ornamentum:blockbarreldeco_standing":4,"minecraft:warped_nylium":1,"minecraft:nether_wart_block":5,"minecraft:birch_log":5,"minecraft:lilac":2,"create:mechanical_mixer":1,"minecraft:warped_fungus":1,"minecraft:grass":19,"create:framed_glass_trapdoor":15,"create:hand_crank":13,"minecraft:dirt":306,"minecraft:sand":903,"stalwart_dungeons:pusher":22,"create:encased_chain_drive":3,"stalwart_dungeons:soul_bricks":22,"minecraft:red_mushroom_block":87,"minecraft:stonecutter":1,"minecraft:netherrack":268,"minecraft:oak_leaves":220,"minecraft:deepslate":462,"create:zinc_ore":60,"minecraft:nether_gold_ore":7,"minecraft:tuff":8,"create:millstone":3,"minecolonies:blockhutcitizen":1,"minecraft:deepslate_diamond_ore":5,"minecraft:mossy_cobblestone":2,"minecraft:dark_oak_leaves":130,"minecolonies:blockhuttownhall":1,"minecolonies:blockhutbuilder":1,"create:fluid_tank":28,"minecraft:nether_bricks":417,"minecraft:lever":1,"minecraft:allium":2,"create:large_cogwheel":8,"minecraft:crimson_roots":1,"minecolonies:blockhuttavern":1,"create:ochrum":93,"minecraft:spruce_leaves":526,"minecraft:moss_block":76,"minecraft:kelp":19,"minecraft:cracked_nether_bricks":2,"minecraft:crimson_stem":9,"minecraft:hay_block":19,"minecraft:large_fern":2,"farmersdelight:wild_onions":13,"minecraft:redstone_ore":18,"create:shaft":37,"minecraft:furnace":12,"minecraft:andesite":22,"minecraft:stripped_spruce_log":6,"minecraft:gold_block":2,"minecraft:bookshelf":120,"minecraft:deepslate_iron_ore":37,"create:cart_assembler":1,"minecraft:rail":4,"create:deployer":2,"minecraft:bone_block":15,"minecraft:stone":656,"minecraft:glass_pane":9,"minecraft:chiseled_nether_bricks":5,"minecraft:soul_sand":235,"create:fluid_pipe":19,"create:mechanical_pump":11,"minecraft:campfire":1,"minecraft:copper_ore":81,"minecraft:tall_grass":2,"minecraft:lapis_ore":8,"minecraft:deepslate_gold_ore":14,"minecraft:diorite":24,"create:mechanical_saw":8,"create:blaze_burner":10,"create:gearbox":6,"minecraft:sweet_berry_bush":7,"minecraft:white_carpet":2,"minecraft:spruce_log":108,"minecraft:birch_leaves":161,"ojs_rpg_origins:sapphire_ore":1,"create:mechanical_drill":20,"minecraft:coal_ore":409,"minecraft:gravel":447,"minecraft:cobweb":52,"minecraft:gold_ore":14,"paraglider:goddess_statue":1}},"DataVersion":3465}