{"stats":{"minecraft:used":{"minecraft:cooked_mutton":4,"minecraft:stone_sword":66,"minecraft:birch_planks":8,"minecraft:stone_pickaxe":112,"minecraft:chest":4,"minecraft:wooden_pickaxe":60,"minecraft:wooden_shovel":59,"minecraft:dirt":4,"minecraft:sand":50,"minecraft:crafting_table":3,"minecraft:white_bed":2,"minecraft:birch_sapling":3,"minecraft:gravel":2,"magistuarmory:copper_guisarme":4,"minecraft:furnace":2,"alexsmobs:animal_dictionary":2,"minecraft:cooked_beef":1},"minecraft:broken":{"minecraft:stone_pickaxe":1,"minecraft:wooden_shovel":1,"minecraft:wooden_pickaxe":1},"minecraft:dropped":{"minecraft:porkchop":6,"minecraft:cobblestone":11,"minecraft:cooked_mutton":2,"magistuarmory:copper_guisarme":2,"minecraft:mutton":2,"magistuarmory:copper_lucernhammer":1,"minecraft:white_wool":4},"minecraft:custom":{"minecraft:interact_with_furnace":14,"minecraft:mob_kills":18,"minecraft:interact_with_crafting_table":10,"minecraft:leave_game":1,"minecraft:time_since_death":795,"minecraft:sleep_in_bed":5,"minecraft:damage_resisted":103,"minecraft:time_since_rest":821,"minecraft:sprint_one_cm":161026,"minecraft:damage_absorbed":20,"minecraft:damage_taken":1526,"minecraft:walk_one_cm":340167,"minecraft:drop":22,"minecraft:damage_dealt":2744,"minecraft:swim_one_cm":2239,"minecraft:fly_one_cm":121035,"minecraft:open_chest":9,"minecraft:crouch_one_cm":65,"minecraft:play_time":83779,"minecraft:deaths":4,"minecraft:sneak_time":330,"minecraft:walk_under_water_one_cm":7874,"minecraft:jump":712,"minecraft:walk_on_water_one_cm":7944,"minecraft:total_world_time":83779,"minecraft:fall_one_cm":52062},"minecraft:picked_up":{"minecraft:birch_log":19,"minecraft:allium":25,"minecraft:crafting_table":2,"minecraft:cooked_beef":2,"magistuarmory:copper_guisarme":2,"minecraft:leather":3,"minecraft:wooden_pickaxe":1,"minecraft:birch_planks":1,"minecraft:flint":1,"minecraft:tuff":2,"minecraft:dirt":45,"minecraft:string":1,"minecraft:raw_copper":53,"minecraft:cooked_mutton":8,"minecraft:beetroot":1,"minecraft:wheat_seeds":2,"minecraft:stone_pickaxe":1,"minecraft:beef":6,"minecraft:rose_bush":3,"minecraft:poppy":4,"minecraft:birch_sapling":5,"minecraft:furnace":1,"minecraft:stick":2,"minecraft:raw_iron":1,"minecraft:copper_ingot":13,"minecraft:dandelion":3,"minecraft:gravel":5,"minecraft:porkchop":6,"minecraft:sand":184,"minecolonies:durum":1,"magistuarmory:copper_lucernhammer":1,"minecraft:diorite":1,"minecraft:white_bed":2,"minecraft:carrot":12,"minecraft:lily_of_the_valley":6,"minecraft:spider_eye":1,"minecraft:stone_sword":1,"minecraft:rotten_flesh":3,"farmersdelight:onion":9,"minecraft:beetroot_seeds":9,"minecraft:peony":22,"magistuarmory:leather_strip":3,"alexsmobs:maggot":2,"minecraft:mutton":2,"minecraft:coal":78,"minecraft:white_wool":4,"minecraft:cobblestone":47},"minecraft:killed":{"minecraft:pig":2,"minecraft:witch":1,"alexsmobs:raccoon":1,"minecraft:spider":1,"minecraft:sheep":1,"minecraft:zombie":6,"alexsmobs:terrapin":1,"minecraft:cow":4},"minecraft:killed_by":{"alexsmobs:grizzly_bear":4},"minecraft:mined":{"minecraft:tuff":2,"minecraft:white_bed":2,"minecraft:lily_of_the_valley":7,"farmersdelight:wild_carrots":12,"minecraft:dandelion":4,"minecraft:crafting_table":2,"minecraft:allium":8,"minecraft:grass_block":33,"minecraft:poppy":4,"minecraft:rose_bush":4,"minecraft:copper_ore":14,"minecraft:diorite":1,"farmersdelight:wild_onions":9,"farmersdelight:sandy_shrub":8,"farmersdelight:wild_beetroots":9,"minecraft:birch_planks":2,"minecraft:fire":2,"minecraft:birch_log":27,"minecraft:iron_ore":1,"minecraft:birch_leaves":18,"minecraft:peony":22,"minecraft:grass":7,"minecraft:coal_ore":78,"minecraft:gravel":6,"minecraft:sand":189,"minecraft:dirt":17,"minecraft:stone":43},"minecraft:crafted":{"magistuarmory:copper_guisarme":1,"minecraft:wooden_shovel":1,"minecraft:crafting_table":1,"minecraft:furnace":1,"minecraft:copper_ingot":18,"minecraft:birch_planks":20,"minecraft:air":94,"magistuarmory:hilt":3,"minecraft:charcoal":13,"minecraft:stick":18,"minecraft:stone_pickaxe":2,"minecraft:chest":4,"magistuarmory:copper_shortsword":1,"magistuarmory:pole":1,"minecraft:torch":20}},"DataVersion":3465}