{"stats":{"minecraft:broken":{"minecraft:wooden_shovel":1,"minecraft:stone_sword":1,"minecraft:wooden_pickaxe":1,"minecraft:stone_pickaxe":2,"magistuarmory:copper_guisarme":1,"minecraft:wooden_axe":1},"minecraft:used":{"minecraft:stone_sword":140,"minecraft:chest":7,"minecraft:wooden_shovel":59,"minecraft:netherrack":3,"minecraft:oak_door":1,"minecraft:dirt":5,"minecraft:wooden_axe":80,"minecraft:birch_sapling":3,"minecraft:furnace":2,"minecraft:egg":2,"minecraft:cooked_beef":4,"minecraft:cooked_mutton":7,"minecraft:birch_planks":8,"minecraft:stone_pickaxe":341,"minecraft:oak_planks":15,"minecraft:wooden_pickaxe":60,"minecraft:sand":50,"minecraft:crafting_table":5,"minecraft:light_gray_terracotta":7,"minecraft:white_bed":2,"simple_weapons:iron_scimitar":8,"minecraft:spruce_log":1,"alexsmobs:flying_fish":1,"waystones:waystone":1,"minecraft:gray_terracotta":23,"minecraft:birch_fence_gate":1,"minecraft:bread":21,"minecraft:gravel":2,"magistuarmory:copper_guisarme":102,"alexsmobs:animal_dictionary":2},"minecraft:dropped":{"minecraft:porkchop":6,"minecraft:cobblestone":11,"alexsmobs:flying_fish_boots":1,"minecraft:mutton":2,"magistuarmory:copper_lucernhammer":1,"minecraft:white_wool":4,"minecraft:birch_sapling":1,"minecraft:rotten_flesh":1,"sophisticatedbackpacks:backpack":1,"minecraft:cooked_mutton":2,"simple_weapons:stone_greatsword":1,"magistuarmory:copper_guisarme":2},"minecraft:custom":{"lootr:looted_stat":2,"minecraft:mob_kills":48,"minecraft:animals_bred":1,"minecraft:interact_with_crafting_table":21,"minecraft:open_barrel":1,"minecraft:damage_dealt_resisted":289,"minecraft:leave_game":5,"minecraft:time_since_death":72309,"minecraft:climb_one_cm":3706,"minecraft:damage_resisted":103,"minecraft:sprint_one_cm":408222,"minecraft:walk_one_cm":1141758,"minecraft:drop":27,"minecraft:talked_to_villager":3,"minecraft:play_time":263007,"minecraft:deaths":7,"minecraft:sneak_time":3586,"minecraft:walk_under_water_one_cm":34283,"minecraft:jump":2711,"minecraft:walk_on_water_one_cm":78449,"minecraft:total_world_time":263007,"minecraft:interact_with_furnace":19,"minecraft:sleep_in_bed":9,"minecraft:time_since_rest":21513,"minecraft:waystone_activated":1,"minecraft:damage_absorbed":20,"minecraft:damage_taken":3608,"minecraft:damage_dealt":8045,"minecraft:swim_one_cm":59711,"minecraft:fly_one_cm":590388,"minecraft:open_chest":68,"minecraft:crouch_one_cm":2999,"minecraft:fall_one_cm":235556},"minecraft:picked_up":{"minecolonies:blockhuttownhall":2,"minecraft:cocoa_beans":6,"minecraft:charcoal":8,"minecraft:crafting_table":2,"minecraft:coarse_dirt":2,"minecraft:allium":25,"minecraft:lead":19,"minecraft:wooden_pickaxe":1,"minecraft:string":30,"minecraft:raw_copper":80,"minecolonies:blockhutguardtower":1,"minecraft:beetroot":5,"minecraft:black_glazed_terracotta":10,"minecolonies:blockhutfarmer":2,"minecraft:beef":9,"minecraft:rose_bush":7,"minecraft:jungle_sapling":2,"minecraft:poppy":4,"minecraft:chest":4,"minecraft:birch_sapling":11,"minecraft:furnace":4,"minecraft:egg":3,"minecraft:stick":4,"minecraft:raw_iron":7,"minecraft:oak_door":1,"minecraft:copper_ingot":13,"minecraft:oak_fence":2,"minecraft:torch":1,"minecraft:porkchop":8,"minecolonies:blockhutfield":2,"minecraft:diorite":1,"minecraft:carrot":12,"minecolonies:blockhutcitizen":1,"domum_ornamentum:beige_stone_bricks":1,"minecraft:stone_sword":1,"minecraft:arrow":3,"minecraft:rotten_flesh":13,"minecraft:beetroot_seeds":24,"minecraft:peony":22,"farmersdelight:onion":9,"minecraft:hay_block":10,"minecraft:brick_stairs":3,"minecraft:mutton":2,"alexsmobs:flying_fish":8,"minecraft:white_wool":4,"minecraft:cobblestone":48,"minecraft:birch_log":19,"minecraft:cooked_beef":2,"minecraft:lilac":6,"farmersdelight:rice":2,"magistuarmory:copper_guisarme":2,"domum_ornamentum:blockbarreldeco_standing":3,"minecraft:jungle_log":5,"minecraft:leather":6,"minecolonies:blockhutcook":2,"minecraft:birch_planks":1,"minecraft:flint":1,"minecolonies:blockhutbuilder":2,"minecraft:tuff":2,"minecraft:oak_log":17,"domum_ornamentum:beige_bricks":1,"minecraft:dirt":54,"minecraft:cooked_mutton":8,"minecraft:bone":2,"domum_ornamentum:blockbarreldeco_onside":1,"minecraft:apple":1,"minecraft:gray_terracotta":24,"minecraft:wheat_seeds":2,"minecraft:spruce_wood":1,"minecraft:stone_pickaxe":1,"minecolonies:blockhuttavern":1,"minecraft:bamboo":11,"minecraft:oak_planks":1,"minecraft:pumpkin":5,"minecraft:dandelion":3,"minecraft:oak_pressure_plate":1,"minecraft:gravel":14,"minecraft:birch_fence_gate":1,"minecraft:sand":184,"minecolonies:durum":1,"magistuarmory:copper_lucernhammer":1,"minecraft:white_bed":5,"minecraft:spruce_log":38,"minecraft:lily_of_the_valley":6,"minecraft:barrel":1,"minecraft:red_terracotta":9,"minecraft:spider_eye":1,"minecraft:light_gray_terracotta":10,"create:crimsite":72,"waystones:waystone":3,"magistuarmory:leather_strip":3,"alexsmobs:maggot":4,"minecraft:oak_sapling":5,"minecraft:netherrack":5,"minecraft:bricks":2,"minecraft:coal":86,"minecraft:sunflower":5},"minecraft:killed":{"minecraft:witch":1,"alexsmobs:raccoon":1,"minecraft:spider":1,"minecraft:skeleton":4,"alexsmobs:flying_fish":5,"minecraft:pig":3,"alexsmobs:grizzly_bear":1,"minecraft:wandering_trader":1,"minecraft:sheep":1,"minecraft:trader_llama":2,"minecraft:zombie":19,"alexsmobs:terrapin":1,"alexsmobs:fly":1,"minecraft:cow":5},"minecraft:killed_by":{"alexsmobs:grizzly_bear":5},"minecraft:mined":{"minecraft:tuff":2,"minecraft:white_bed":5,"minecolonies:blockhutcitizen":1,"minecolonies:blockhuttownhall":2,"farmersdelight:wild_carrots":12,"minecraft:jungle_leaves":33,"minecolonies:blockhutbuilder":2,"minecraft:birch_fence_gate":1,"minecraft:allium":8,"minecolonies:blockhutfarmer":2,"minecraft:grass_block":39,"minecraft:brick_stairs":3,"minecraft:jungle_log":5,"minecolonies:blockhuttavern":1,"minecraft:oak_pressure_plate":1,"minecraft:hay_block":10,"farmersdelight:wild_onions":9,"minecraft:furnace":3,"minecraft:black_glazed_terracotta":10,"farmersdelight:wild_rice":2,"minecraft:barrel":1,"minecraft:iron_ore":8,"minecraft:fire":2,"minecraft:pumpkin":5,"domum_ornamentum:blockbarreldeco_onside":1,"minecraft:peony":22,"domum_ornamentum:beige_stone_bricks":1,"minecraft:spruce_wood":1,"minecraft:bamboo":1,"minecraft:stone":44,"minecraft:gray_terracotta":24,"minecraft:lily_of_the_valley":7,"minecraft:dandelion":4,"domum_ornamentum:beige_bricks":1,"minecraft:oak_fence":2,"minecraft:crafting_table":2,"minecraft:light_gray_terracotta":10,"minecraft:poppy":4,"minecraft:chest":4,"minecraft:rose_bush":7,"minecolonies:blockhutcook":2,"minecraft:campfire":4,"minecraft:copper_ore":21,"minecraft:oak_planks":1,"minecraft:bricks":2,"minecraft:diorite":1,"domum_ornamentum:blockbarreldeco_standing":3,"minecolonies:blockhutguardtower":1,"farmersdelight:wild_beetroots":25,"minecraft:birch_planks":2,"minecraft:red_terracotta":9,"farmersdelight:sandy_shrub":9,"minecraft:coarse_dirt":2,"minecraft:birch_log":27,"minecraft:lilac":6,"minecraft:spruce_log":39,"minecraft:birch_leaves":21,"minecraft:grass":8,"minecraft:oak_log":17,"minecraft:coal_ore":86,"minecraft:cocoa":4,"minecraft:sunflower":5,"minecraft:gravel":15,"minecraft:sand":189,"minecraft:dirt":20,"minecolonies:blockhutfield":2,"minecraft:cobweb":29,"minecraft:netherrack":5,"create:crimsite":89,"minecraft:oak_leaves":201,"minecraft:suspicious_gravel":1},"minecraft:crafted":{"simple_weapons:iron_scimitar":1,"magistuarmory:copper_guisarme":1,"minecraft:oak_planks":15,"simple_weapons:stone_spear":1,"simple_weapons:stone_scythe":1,"minecraft:furnace":1,"magistuarmory:hilt":3,"simple_weapons:stone_fist":1,"simple_weapons:stone_greatsword":1,"minecraft:stone_pickaxe":2,"minecraft:chest":6,"magistuarmory:copper_shortsword":1,"magistuarmory:pole":1,"alexsmobs:flying_fish_boots":2,"minecraft:wooden_shovel":1,"sophisticatedbackpacks:backpack":2,"immersive_aircraft:boiler":1,"minecraft:crafting_table":3,"minecraft:spruce_planks":44,"minecraft:copper_ingot":45,"minecraft:birch_planks":20,"minecraft:air":348,"simple_weapons:stone_scimitar":1,"minecraft:jungle_planks":5,"simple_weapons:stone_katana":1,"minecraft:charcoal":13,"minecraft:stick":33,"minecraft:wooden_axe":2,"simple_weapons:stone_dagger":1,"minecraft:torch":20}},"DataVersion":3465}