{"stats":{"minecraft:custom":{"lootr:looted_stat":25,"minecraft:animals_bred":2,"minecraft:interact_with_crafting_table":75,"minecraft:leave_game":13,"minecraft:time_since_death":118855,"minecraft:damage_resisted":32,"minecraft:sprint_one_cm":589557,"minecraft:drop":230,"minecraft:talked_to_villager":39,"minecraft:play_time":577602,"minecraft:deaths":46,"minecraft:jump":5469,"minecraft:interact_with_brewingstand":5,"minecraft:walk_on_water_one_cm":418245,"minecraft:enchant_item":6,"minecraft:interact_with_furnace":97,"minecraft:traded_with_villager":11,"minecraft:sleep_in_bed":2,"minecraft:waystone_activated":2,"minecraft:damage_dealt":42900,"minecraft:player_kills":3,"minecraft:crouch_one_cm":36589,"minecraft:horse_one_cm":498,"minecraft:interact_with_anvil":7,"minecraft:mob_kills":272,"minecraft:damage_dealt_resisted":1394,"minecraft:climb_one_cm":3836,"minecraft:walk_one_cm":1658215,"minecraft:sneak_time":16505,"minecraft:walk_under_water_one_cm":328806,"minecraft:interact_with_blast_furnace":2,"minecraft:total_world_time":577602,"minecraft:time_since_rest":14118,"minecraft:damage_taken":17038,"minecraft:swim_one_cm":244661,"minecraft:fly_one_cm":1481431,"minecraft:open_chest":665,"minecraft:fall_one_cm":556894},"minecraft:mined":{"minecraft:dark_oak_planks":130,"create:deepslate_zinc_ore":70,"minecraft:spruce_planks":4,"create:andesite_casing":1,"minecraft:red_nether_bricks":3,"minecraft:brewing_stand":2,"minecraft:grass_block":243,"minecraft:soul_soil":20,"minecraft:nether_wart":1,"minecraft:spawner":5,"minecraft:smooth_stone":2,"minecraft:tall_seagrass":26,"minecraft:weeping_vines_plant":2,"minecraft:magma_block":1,"minecraft:iron_ore":95,"minecraft:fire":7,"minecraft:barrel":1,"minecraft:black_carpet":1,"domum_ornamentum:blockbarreldeco_onside":1,"minecraft:deepslate_lapis_ore":7,"minecraft:azure_bluet":8,"minecraft:pointed_dripstone":3,"create:mechanical_press":3,"ojs_rpg_origins:deepslate_sapphire_ore":4,"minecraft:deepslate_redstone_ore":17,"create:cogwheel":2,"minecraft:kelp_plant":55,"stalwart_dungeons:transient_block_close":75,"minecraft:powder_snow":19,"minecraft:clay":242,"minecraft:torch":27,"minecraft:polished_diorite_slab":1,"minecraft:nether_quartz_ore":28,"minecraft:cobblestone":61,"minecraft:grindstone":2,"minecraft:sugar_cane":5,"minecraft:wall_torch":19,"minecraft:amethyst_block":130,"minecraft:cauldron":1,"minecraft:deepslate_copper_ore":5,"minecraft:seagrass":3,"domum_ornamentum:blockbarreldeco_standing":4,"minecraft:birch_log":5,"minecraft:lilac":2,"minecraft:grass":17,"create:hand_crank":6,"minecraft:sand":903,"minecraft:dirt":295,"minecraft:stonecutter":1,"minecraft:netherrack":129,"minecraft:oak_leaves":220,"minecraft:deepslate":1,"create:zinc_ore":38,"minecraft:nether_gold_ore":7,"minecolonies:blockhutcitizen":1,"minecraft:deepslate_diamond_ore":5,"minecraft:mossy_cobblestone":2,"minecraft:dark_oak_leaves":130,"minecolonies:blockhuttownhall":1,"minecolonies:blockhutbuilder":1,"minecraft:nether_bricks":27,"minecraft:allium":2,"create:large_cogwheel":4,"create:ochrum":93,"minecolonies:blockhuttavern":1,"minecraft:spruce_leaves":522,"minecraft:moss_block":76,"minecraft:kelp":19,"minecraft:crimson_stem":9,"minecraft:large_fern":1,"minecraft:hay_block":19,"farmersdelight:wild_onions":13,"minecraft:redstone_ore":18,"create:shaft":8,"minecraft:furnace":11,"minecraft:stripped_spruce_log":6,"minecraft:bookshelf":120,"minecraft:deepslate_iron_ore":34,"minecraft:stone":245,"minecraft:glass_pane":9,"minecraft:chiseled_nether_bricks":1,"minecraft:soul_sand":106,"minecraft:campfire":1,"minecraft:tall_grass":2,"minecraft:copper_ore":30,"minecraft:lapis_ore":5,"minecraft:deepslate_gold_ore":14,"minecraft:diorite":17,"create:blaze_burner":1,"minecraft:sweet_berry_bush":7,"minecraft:white_carpet":2,"minecraft:spruce_log":89,"minecraft:birch_leaves":161,"ojs_rpg_origins:sapphire_ore":1,"minecraft:coal_ore":76,"minecraft:gravel":439,"minecraft:cobweb":52,"minecraft:gold_ore":14,"paraglider:goddess_statue":1},"minecraft:broken":{"minecraft:iron_boots":1,"minecraft:golden_leggings":1,"minecraft:stone_pickaxe":2,"minecraft:wooden_axe":1,"minecraft:stone_sword":1,"simple_weapons:iron_katana":1},"minecraft:used":{"minecraft:chest":14,"paraglider:goddess_statue":1,"create:fluid_tank":5,"create:cogwheel":8,"minecraft:nether_bricks":20,"minecraft:carrot":10,"minecraft:obsidian":2,"minecraft:lava_bucket":2,"minecraft:bow":2,"farmersdelight:cutting_board":1,"minecraft:sweet_berries":32,"create:shaft":11,"create:steam_engine":1,"minecraft:furnace":8,"minecraft:cooked_cod":2,"minecraft:beetroot_seeds":3,"minecraft:egg":2,"minecraft:potato":5,"minecraft:stone_pickaxe":247,"minecraft:composter":1,"stalwart_dungeons:transient_block_close":2,"simple_weapons:diamond_katana":426,"minecraft:blast_furnace":1,"waystones:waystone":1,"minecraft:bread":33,"minecraft:lectern":1,"minecraft:grindstone":2,"minecraft:bone_meal":3,"minecraft:golden_pickaxe":5,"create:large_cogwheel":3,"minecraft:enchanting_table":1,"minecraft:stone_sword":129,"minecraft:flint_and_steel":7,"minecraft:spruce_planks":11,"minecraft:torch":50,"simple_weapons:stone_scimitar":4,"minecraft:brewing_stand":3,"create:mechanical_pump":1,"minecraft:dirt":157,"minecraft:wheat":1,"simple_weapons:iron_katana":334,"minecraft:wooden_axe":50,"minecraft:bookshelf":42,"simple_weapons:iron_spear":24,"minecraft:golden_carrot":1,"create:fluid_pipe":2,"create:belt_connector":2,"minecraft:golden_axe":4,"minecraft:wheat_seeds":6,"minecraft:cooked_mutton":12,"minecraft:water_bucket":2,"minecraft:glass_bottle":1,"minecraft:cauldron":1,"create:blaze_burner":3,"minecraft:salmon":2,"farmersdelight:onion":2,"minecraft:crafting_table":1,"minecraft:spruce_log":34,"minecraft:diamond_pickaxe":1286,"minecraft:apple":1,"create:mechanical_press":3,"minecraft:iron_pickaxe":245,"minecraft:map":1,"minecraft:stone_axe":17,"minecraft:cobblestone":439,"minecraft:potion":1,"minecraft:cooked_porkchop":15,"minecraft:bucket":6,"alexsmobs:animal_dictionary":1,"create:hand_crank":8},"minecraft:crafted":{"minecraft:smooth_stone":1,"minecraft:barrel":8,"minecraft:stone":1,"minecraft:bookshelf":43,"minecraft:glass":0,"minecraft:bow":1,"minecraft:chest":14,"simple_weapons:iron_katana":1,"minecraft:copper_block":1,"create:cogwheel":3,"sophisticatedbackpacks:backpack":1,"minecraft:emerald":1,"minecraft:cooked_porkchop":5,"minecraft:crafting_table":1,"minecraft:spruce_planks":100,"create:fluid_pipe":4,"create:zinc_nugget":6,"minecraft:copper_ingot":88,"minecraft:birch_planks":8,"minecraft:brewing_stand":2,"farmersdelight:cutting_board":1,"minecraft:lectern":1,"minecraft:diamond_pickaxe":2,"minecraft:golden_leggings":1,"minecraft:shield":1,"minecraft:stick":24,"create:mechanical_pump":1,"minecraft:iron_ingot":40,"minecraft:iron_pickaxe":2,"minecraft:gold_ingot":17,"minecraft:composter":1,"create:empty_blaze_burner":4,"minecraft:wooden_sword":1,"create:steam_engine":1,"minecraft:furnace":1,"minecraft:blast_furnace":1,"minecraft:spruce_slab":30,"minecraft:stone_pickaxe":2,"create:fluid_tank":8,"alexsmobs:flying_fish_boots":3,"create:belt_connector":2,"minecraft:wheat":22,"create:andesite_alloy":27,"create:hand_crank":1,"minecraft:enchanting_table":1,"create:goggles":1,"minecraft:bucket":1,"minecraft:stone_axe":1,"minecraft:bread":96,"minecraft:air":953,"create:blaze_burner":4,"simple_weapons:diamond_katana":1,"minecraft:wooden_axe":1,"minecraft:iron_leggings":1,"create:shaft":16,"minecraft:andesite":128,"minecraft:torch":36,"create:zinc_ingot":78},"minecraft:dropped":{"minecraft:moss_block":75,"minecraft:golden_pickaxe":2,"alexsmobs:flying_fish_boots":1,"minecraft:flint":3,"create:copper_diving_helmet":1,"minecraft:emerald":2,"minecraft:dirt":46,"farmersdelight:onion":2,"minecraft:sand":2,"create:iron_sheet":1,"minecraft:iron_pickaxe":1,"minecraft:gold_ingot":3,"minecraft:gravel":4,"minecraft:sugar_cane":6,"minecraft:iron_nugget":10,"minecraft:cobbled_deepslate":1,"minecraft:nether_brick":3,"minecraft:wheat":2,"minecraft:obsidian":3,"antiquelegacy:weathered_eagle_standard":2,"minecraft:beetroot":1,"minecraft:cooked_mutton":3,"minecraft:white_bed":3,"minecraft:salmon":1,"minecraft:carrot":15,"minecraft:beetroot_seeds":3,"minecraft:azalea":5,"minecraft:iron_ingot":110,"minecraft:bread":52,"minecraft:wheat_seeds":16,"minecraft:golden_helmet":1,"minecraft:golden_axe":1,"minecraft:iron_helmet":1,"minecraft:cobblestone":2,"minecraft:granite":12,"minecraft:copper_ingot":23,"minecraft:lava_bucket":2,"minecraft:diorite":101,"minecraft:torch":24,"minecraft:map":9,"minecraft:bucket":1,"minecraft:moss_carpet":15,"minecraft:soul_soil":21,"minecraft:kelp":128,"minecraft:sweet_berries":16,"create:ochrum":93,"simple_weapons:diamond_katana":1,"minecraft:iron_boots":1,"sophisticatedbackpacks:backpack":1,"minecraft:flint_and_steel":1,"minecraft:potato":21,"minecraft:hay_block":8,"minecraft:spruce_planks":10,"minecraft:diamond_pickaxe":1,"minecraft:andesite":27,"minecraft:yellow_bed":4,"minecraft:oak_sapling":3,"minecolonies:durum":1},"minecraft:picked_up":{"minecraft:wooden_axe":1,"minecraft:iron_chestplate":3,"minecraft:black_carpet":1,"minecraft:lead":2,"minecraft:potion":4,"minecraft:nether_brick":185,"minecraft:brewing_stand":3,"minecraft:amethyst_block":129,"paraglider:goddess_statue":1,"minecraft:string":77,"minecraft:soul_soil":40,"minecraft:raw_copper":174,"minecraft:iron_leggings":1,"alexsmobs:dropbear_claw":2,"create:mechanical_press":3,"alexsmobs:blood_sac":4,"minecraft:cobbled_deepslate":8,"minecraft:gold_nugget":30,"minecraft:smooth_stone":2,"reliquary:zombie_heart":2,"minecraft:bucket":2,"minecraft:spruce_planks":10,"minecraft:azalea":6,"simple_weapons:diamond_katana":1,"alexsmobs:raccoon_tail":1,"minecraft:furnace":8,"minecraft:iron_boots":2,"minecraft:stick":35,"minecraft:big_dripleaf":5,"minecraft:torch":39,"minecraft:porkchop":17,"minecraft:golden_axe":2,"minecraft:dried_kelp":108,"minecraft:pointed_dripstone":10,"minecraft:diorite":101,"minecraft:cauldron":1,"minecraft:chiseled_nether_bricks":1,"minecolonies:blockhutcitizen":1,"create:large_cogwheel":4,"minecraft:stone_sword":1,"minecraft:rotten_flesh":73,"minecraft:tropical_fish":3,"farmersdelight:onion":12,"farmersdelight:tree_bark":2,"create:ochrum":93,"reliquary:mob_charm_fragment":2,"minecraft:blaze_rod":85,"minecraft:cod":1,"alexsmobs:flying_fish":6,"minecraft:cobblestone":539,"minecraft:nautilus_shell":4,"minecraft:birch_log":4,"minecraft:magma_block":1,"minecraft:feather":2,"minecraft:polished_diorite_slab":1,"minecraft:lilac":2,"minecraft:magma_cream":2,"minecraft:andesite":27,"paraglider:spirit_orb":10,"minecraft:flint":28,"create:raw_zinc":153,"minecolonies:blockhutbuilder":1,"minecraft:lapis_lazuli":72,"minecraft:dirt":513,"minecraft:glass":24,"minecraft:bone":30,"domum_ornamentum:blockbarreldeco_onside":1,"minecraft:stonecutter":1,"minecraft:bow":2,"minecraft:wheat_seeds":12,"minecraft:raw_gold":33,"minecraft:grindstone":2,"create:goggles":1,"create:shaft":7,"minecraft:moss_block":88,"minecraft:oak_planks":2,"simple_weapons:stone_scimitar":1,"create:cogwheel":2,"minecraft:sand":877,"minecolonies:durum":2,"minecraft:stripped_spruce_log":8,"minecraft:dark_oak_log":1,"minecraft:barrel":1,"minecraft:diamond":5,"waystones:waystone":2,"minecraft:granite":14,"minecraft:bone_meal":3,"minecraft:oak_sapling":14,"minecraft:netherrack":129,"minecraft:charcoal":50,"create:copper_sheet":18,"minecraft:fishing_rod":2,"minecolonies:blockhuttownhall":1,"minecraft:allium":25,"minecraft:azure_bluet":7,"minecraft:chicken":1,"minecraft:nether_wart":13,"minecraft:clay_ball":1108,"minecraft:golden_pickaxe":1,"minecraft:moss_carpet":22,"minecraft:white_carpet":2,"minecraft:chest":2,"minecraft:sugar_cane":9,"antiquelegacy:weathered_eagle_standard":2,"minecraft:birch_sapling":8,"minecraft:egg":2,"minecraft:dark_oak_sapling":5,"minecraft:raw_iron":188,"reliquary:rib_bone":1,"create:golden_sheet":3,"minecraft:copper_ingot":6,"sophisticatedbackpacks:backpack":1,"create:hand_crank":6,"minecraft:trident":1,"minecraft:redstone":226,"ojs_rpg_origins:raw_sapphire":22,"minecraft:dark_oak_planks":136,"minecraft:arrow":26,"minecraft:weeping_vines":1,"minecraft:nether_bricks":26,"minecraft:hay_block":19,"minecraft:mutton":8,"minecraft:rail":2,"minecraft:white_wool":5,"create:iron_sheet":17,"minecraft:salmon":6,"minecraft:crimson_stem":9,"domum_ornamentum:blockbarreldeco_standing":4,"minecraft:leather":2,"minecolonies:onion":1,"minecraft:yellow_bed":1,"create:blaze_burner":1,"minecraft:apple":1,"minecraft:kelp":480,"minecraft:iron_ingot":43,"minecolonies:blockhuttavern":1,"minecolonies:garlic":1,"minecraft:soul_sand":106,"minecraft:flowering_azalea":1,"minecraft:book":360,"stalwart_dungeons:transient_block_close":74,"minecraft:sweet_berries":74,"minecraft:quartz":28,"minecraft:gravel":411,"minecraft:lava_bucket":1,"minecraft:spruce_sapling":26,"minecraft:spruce_log":87,"minecraft:spider_eye":11,"create:copper_diving_helmet":2,"create:wheat_flour":2,"minecraft:iron_helmet":2,"minecraft:coal":150,"minecraft:ender_pearl":1},"minecraft:killed":{"minecraft:cave_spider":6,"minecraft:spider":24,"minecraft:skeleton":18,"minecraft:guardian":1,"minecraft:magma_cube":15,"minecraft:piglin":2,"minecraft:pig":8,"minecraft:salmon":5,"stalwart_dungeons:giddy_blaze":84,"alexsmobs:crimson_mosquito":4,"minecraft:sheep":4,"minecraft:donkey":1,"minecraft:zombie":51,"alexsmobs:dropbear":1,"stalwart_dungeons:nether_wart_cocoon":11,"minecraft:drowned":19,"alexsmobs:flying_fish":6,"minecraft:hoglin":1,"minecraft:enderman":1},"minecraft:killed_by":{"minecraft:evoker":1,"minecraft:zombified_piglin":1,"minecraft:drowned":7,"minecraft:vindicator":5,"minecraft:zombie":2,"alexsmobs:giant_squid":1,"minecraft:player":2,"stalwart_dungeons:giddy_blaze":16,"minecraft:warden":2,"minecraft:skeleton":3,"minecraft:guardian":1,"alexsmobs:crimson_mosquito":2}},"DataVersion":3465}