{"stats":{"minecraft:dropped":{"minecraft:iron_helmet":1,"minecraft:iron_leggings":1,"minecraft:iron_chestplate":1},"minecraft:mined":{"minecraft:birch_log":2},"minecraft:used":{"minecraft:bread":3,"simple_weapons:iron_scimitar":7,"minecraft:fletching_table":1},"minecraft:custom":{"minecraft:time_since_rest":5677,"minecraft:open_chest":32,"minecraft:crouch_one_cm":98,"minecraft:play_time":28647,"minecraft:interact_with_furnace":4,"minecraft:sprint_one_cm":39001,"minecraft:walk_one_cm":75085,"minecraft:damage_taken":1656,"minecraft:deaths":5,"minecraft:sneak_time":30,"minecraft:mob_kills":1,"minecraft:drop":3,"minecraft:animals_bred":1,"minecraft:jump":263,"minecraft:damage_dealt":309,"minecraft:time_since_death":5652,"minecraft:sleep_in_bed":4,"minecraft:total_world_time":28647,"minecraft:interact_with_crafting_table":13,"minecraft:fall_one_cm":44664,"minecraft:fly_one_cm":77861},"minecraft:killed_by":{"minecraft:player":5},"minecraft:crafted":{"minecraft:birch_slab":18,"minecraft:iron_leggings":1,"minecraft:birch_door":3,"domum_ornamentum:double_crossed":12,"minecraft:fletching_table":1,"minecraft:iron_chestplate":1,"minecraft:birch_planks":87,"minecraft:air":232,"minecraft:iron_helmet":1},"minecraft:picked_up":{"minecraft:birch_planks":6,"sophisticatedbackpacks:backpack":1,"minecraft:iron_ingot":64,"minecraft:gold_ingot":27,"minecraft:birch_log":2}},"DataVersion":3465}