{"stats":{"minecraft:crafted":{"magistuarmoryaddon:ram_horns_decoration":1,"minecraft:smooth_stone":7,"minecraft:cobweb":4,"minecraft:stone":25,"minecraft:cooked_mutton":35,"minecraft:glass":241,"minecraft:hopper":3,"minecraft:bow":1,"minecraft:iron_boots":2,"ojs_rpg_origins:scythe":1,"minecraft:chest":20,"simple_weapons:iron_katana":1,"alexsmobs:cooked_catfish":3,"domum_ornamentum:blockpillar":9,"minecraft:glass_bottle":1,"minecraft:deepslate":1,"simple_weapons:iron_scythe":2,"sophisticatedbackpacks:backpack":1,"minecraft:emerald":29,"minecraft:cooked_porkchop":2,"simple_weapons:diamond_scythe":1,"minecraft:crafting_table":8,"minecraft:spruce_planks":145,"minecraft:wooden_pickaxe":7,"minecraft:iron_helmet":2,"minecraft:spruce_door":3,"domum_ornamentum:side_framed":124,"minecraft:copper_ingot":76,"magistuarmory:dragon_decoration":1,"minecraft:spruce_trapdoor":2,"minecraft:iron_chestplate":2,"minecraft:diamond_pickaxe":2,"minecraft:charcoal":7,"minecraft:stick":26,"minecraft:stone_slab":6,"minecraft:iron_ingot":159,"minecraft:iron_pickaxe":12,"minecraft:iron_block":3,"minecraft:snow_block":75,"minecraft:gold_ingot":10,"domum_ornamentum:panel":12,"minecraft:shears":2,"minecraft:cherry_planks":4,"minecraft:tripwire_hook":4,"minecraft:smooth_stone_slab":6,"minecraft:iron_nugget":5,"minecraft:spyglass":1,"minecraft:furnace":6,"minecraft:blast_furnace":1,"domum_ornamentum:architectscutter":1,"minecraft:lantern":3,"simple_weapons:iron_spear":1,"minecraft:iron_axe":5,"minecraft:stone_pickaxe":3,"minecraft:spruce_boat":1,"simple_weapons:iron_fist":1,"minecraft:wheat":217,"minecraft:cooked_beef":46,"paraglider:paraglider":1,"minecraft:cooked_cod":45,"minecraft:crossbow":2,"ojs_rpg_origins:sapphire_rare":2,"minecraft:spruce_sign":3,"domum_ornamentum:fancy_door":4,"minecraft:cooked_salmon":47,"minecraft:bucket":1,"minecraft:stone_axe":1,"minecraft:air":1465,"ojs_rpg_origins:sapphire_block":2,"antiquelegacy:pelta":3,"minecraft:andesite_slab":2,"immersive_aircraft:heavy_crossbow":1,"minecraft:iron_shovel":1,"minecraft:iron_leggings":2,"minecraft:armor_stand":1,"minecraft:stonecutter":1,"minecraft:anvil":1,"ojs_rpg_origins:sapphire":19,"create:copper_diving_helmet":1,"minecraft:torch":4,"create:zinc_ingot":4},"minecraft:picked_up":{"reliquary:guardian_spike":1,"minecraft:wheat":81,"minecraft:stone_slab":3,"minecraft:nether_brick":319,"minecraft:brewing_stand":1,"minecraft:string":18,"minecraft:raw_copper":115,"minecraft:cooked_salmon":8,"minecraft:pufferfish":1,"immersive_aircraft:heavy_crossbow":1,"minecraft:cobbled_deepslate":420,"reliquary:zombie_heart":1,"minecraft:spruce_planks":17,"magistuarmory:iron_concavehalberd":1,"ojs_rpg_origins:sapphire":10,"minecraft:calcite":141,"minecraft:azalea":1,"minecraft:iron_pickaxe":3,"minecraft:furnace":6,"minecraft:stick":141,"minecraft:big_dripleaf":13,"minecraft:torch":55,"minecraft:porkchop":8,"domum_ornamentum:fancy_door":4,"minecraft:cherry_log":74,"minecraft:pointed_dripstone":59,"minecraft:diorite":119,"minecraft:cauldron":3,"minecraft:rotten_flesh":61,"create:scoria":382,"alexsmobs:flying_fish_boots":1,"create:asurine":421,"reliquary:mob_charm_fragment":2,"minecraft:blaze_rod":168,"minecraft:cod":6,"minecraft:snowball":408,"alexsmobs:flying_fish":3,"minecraft:cobblestone":3666,"minecraft:nautilus_shell":1,"minecraft:birch_log":6,"minecraft:pink_petals":35,"minecraft:feather":1,"minecraft:cooked_beef":6,"minecraft:andesite":417,"minecraft:iron_door":1,"minecraft:cherry_leaves":217,"minecraft:water_bucket":1,"minecraft:tuff":34,"alexsmobs:bear_fur":1,"paraglider:spirit_orb":2,"minecraft:flint":8,"create:raw_zinc":25,"minecraft:lantern":1,"minecraft:lapis_lazuli":96,"minecraft:dirt":1392,"minecraft:bone":37,"domum_ornamentum:blockbarreldeco_onside":1,"minecraft:stonecutter":1,"minecraft:bow":5,"minecraft:wheat_seeds":65,"minecraft:raw_gold":41,"create:goggles":1,"minecraft:moss_block":2,"create:super_glue":1,"minecraft:glow_lichen":6,"minecraft:stripped_spruce_log":188,"sophisticatedbackpacks:iron_backpack":1,"domum_ornamentum:blockpillar":9,"minecraft:ink_sac":9,"minecraft:grass_block":1,"minecraft:dark_oak_log":1,"minecraft:polished_andesite":3,"minecraft:diamond":41,"minecraft:spruce_boat":3,"minecraft:crossbow":1,"minecraft:bone_meal":2,"minecraft:rooted_dirt":246,"minecraft:spruce_sign":2,"minecraft:emerald":9,"alexsmobs:banana_slug_slime":1,"alexsmobs:maggot":3,"reliquary:witch_hat":1,"minecraft:andesite_slab":24,"minecraft:charcoal":6,"create:copper_sheet":8,"minecraft:fishing_rod":1,"minecraft:crafting_table":8,"minecraft:chicken":1,"minecraft:clay_ball":636,"minecraft:golden_pickaxe":2,"create:polished_cut_calcite":67,"minecraft:wooden_pickaxe":4,"minecraft:gold_block":1,"domum_ornamentum:architectscutter":1,"alexsmobs:cooked_catfish":7,"simple_weapons:iron_fist":1,"minecraft:candle":18,"minecraft:beef":85,"minecraft:iron_nugget":2,"minecraft:spruce_slab":13,"minecraft:chest":1,"antiquelegacy:weathered_eagle_standard":1,"minecraft:phantom_membrane":2,"minecraft:egg":15,"minecraft:raw_iron":153,"reliquary:rib_bone":2,"create:golden_sheet":7,"minecraft:copper_ingot":9,"sophisticatedbackpacks:backpack":3,"farmersdelight:tomato_seeds":4,"structurize:sceptergold":2,"minecraft:carrot":1,"minecraft:redstone":132,"minecraft:prismarine_crystals":1,"minecraft:dark_oak_planks":132,"minecraft:tnt":3,"minecraft:arrow":34,"minecraft:cooked_cod":1,"minecraft:shears":1,"minecraft:hay_block":94,"minecraft:black_banner":1,"minecraft:gold_ingot":12,"minecraft:mutton":8,"minecraft:white_wool":5,"minecraft:tripwire_hook":1,"minecraft:salmon":25,"minecraft:glow_ink_sac":15,"domum_ornamentum:blockbarreldeco_standing":4,"minecraft:leather":71,"domum_ornamentum:panel":12,"minecraft:oak_log":10,"minecraft:gunpowder":10,"minecraft:white_banner":1,"domum_ornamentum:side_framed":83,"minecraft:spore_blossom":2,"minecraft:iron_ingot":6,"minecraft:cobweb":3,"minecraft:flowering_azalea":2,"minecraft:smooth_basalt":168,"minecraft:sweet_berries":9,"minecraft:gravel":97,"minecraft:amethyst_shard":28,"minecraft:spruce_sapling":127,"minecraft:spruce_log":820,"minecraft:spider_eye":8,"antiquelegacy:pelta":2,"alexsmobs:raw_catfish":13,"minecraft:iron_helmet":1,"minecraft:cherry_sapling":28,"minecraft:gray_wool":1,"minecraft:baked_potato":4,"minecraft:black_wool":3,"minecraft:coal":389,"minecraft:hopper":3,"minecraft:ender_pearl":4},"minecraft:used":{"minecraft:cherry_sapling":1,"minecraft:iron_shovel":217,"minecraft:spruce_slab":13,"minecraft:chest":16,"minecraft:rotten_flesh":5,"minecraft:mutton":2,"minecraft:axolotl_bucket":1,"minecraft:snowball":16,"minecraft:stripped_spruce_log":173,"minecraft:big_dripleaf":13,"minecraft:spruce_boat":4,"minecraft:glass":59,"minecraft:lantern":4,"ojs_rpg_origins:scythe":267,"create:scoria":1,"farmersdelight:rotten_tomato":3,"minecraft:cherry_leaves":5,"create:polished_cut_calcite":67,"minecraft:bow":13,"minecraft:sweet_berries":4,"minecraft:furnace":11,"minecraft:cooked_cod":20,"minecraft:gold_block":1,"minecraft:egg":5,"simple_weapons:iron_scythe":419,"minecraft:golden_boots":1,"alexsmobs:raw_catfish":3,"domum_ornamentum:architectscutter":2,"minecraft:spruce_door":1,"magistuarmory:iron_concavehalberd":22,"minecraft:stone_pickaxe":278,"alexsmobs:flying_fish_boots":1,"minecraft:wooden_pickaxe":354,"domum_ornamentum:fancy_door":6,"minecraft:blast_furnace":1,"minecraft:crossbow":2,"minecraft:shears":231,"waystones:waystone":1,"domum_ornamentum:blockpillar":11,"simple_weapons:iron_fist":51,"minecraft:string":3,"minecraft:gravel":1,"minecraft:andesite":10,"minecraft:golden_pickaxe":32,"minecraft:cobweb":7,"minecraft:tropical_fish":3,"minecraft:armor_stand":1,"minecraft:spruce_planks":35,"minecraft:cooked_salmon":57,"minecraft:torch":56,"minecraft:brewing_stand":1,"minecraft:dirt":159,"minecraft:spyglass":108,"minecraft:anvil":1,"minecraft:hopper":6,"minecraft:dark_oak_planks":3,"minecraft:rooted_dirt":182,"minecraft:iron_axe":1205,"simple_weapons:iron_spear":9,"minecraft:smooth_basalt":72,"minecraft:beef":33,"minecraft:cooked_beef":52,"minecraft:cobbled_deepslate":339,"minecraft:cherry_log":11,"minecraft:pointed_dripstone":54,"minecraft:calcite":6,"minecraft:cooked_mutton":3,"alexsmobs:cooked_catfish":5,"minecraft:water_bucket":13,"minecraft:snow_block":75,"domum_ornamentum:blockbarreldeco_standing":4,"minecraft:glass_bottle":3,"minecraft:polished_andesite":7,"antiquelegacy:pelta":20,"minecraft:andesite_slab":36,"minecraft:cauldron":3,"simple_weapons:diamond_scythe":609,"minecraft:spruce_sign":5,"minecraft:stonecutter":2,"minecraft:salmon":3,"minecraft:tnt":8,"minecraft:crafting_table":15,"minecraft:cod":5,"domum_ornamentum:side_framed":140,"minecraft:spruce_log":442,"minecraft:diamond_pickaxe":2185,"minecraft:iron_pickaxe":3052,"minecraft:spruce_trapdoor":2,"minecraft:spruce_sapling":8,"domum_ornamentum:blockbarreldeco_onside":1,"minecraft:stone_axe":35,"minecraft:fishing_rod":26,"minecraft:cobblestone":811,"minecraft:porkchop":6,"minecraft:white_banner":1,"minecraft:cooked_porkchop":12,"minecraft:bucket":15,"alexsmobs:animal_dictionary":1,"domum_ornamentum:panel":22,"minecraft:gray_wool":1,"structurize:sceptergold":2,"minecraft:candle":1},"minecraft:custom":{"lootr:looted_stat":15,"minecraft:animals_bred":1,"minecraft:interact_with_crafting_table":94,"minecraft:open_barrel":2,"minecraft:leave_game":13,"minecraft:time_since_death":52472,"minecraft:sprint_one_cm":1434204,"minecraft:damage_blocked_by_shield":510,"minecraft:drop":160,"minecraft:talked_to_villager":19,"minecraft:play_time":791088,"minecraft:deaths":34,"minecraft:jump":12607,"minecraft:interact_with_brewingstand":6,"minecraft:walk_on_water_one_cm":90853,"minecraft:enchant_item":1,"minecraft:interact_with_furnace":245,"minecraft:traded_with_villager":31,"minecraft:sleep_in_bed":4,"minecraft:waystone_activated":3,"minecraft:damage_dealt":73413,"minecraft:player_kills":1,"minecraft:crouch_one_cm":121321,"minecraft:horse_one_cm":10163,"minecraft:interact_with_anvil":3,"minecraft:mob_kills":538,"minecraft:inspect_hopper":4,"minecraft:fill_cauldron":3,"minecraft:interact_with_campfire":19,"minecraft:damage_dealt_resisted":2672,"minecraft:climb_one_cm":76543,"minecraft:walk_one_cm":2157292,"minecraft:damage_dealt_absorbed":142,"minecraft:sneak_time":47640,"minecraft:walk_under_water_one_cm":107762,"minecraft:interact_with_blast_furnace":7,"minecraft:total_world_time":791088,"minecraft:interact_with_stonecutter":11,"minecraft:time_since_rest":52501,"minecraft:damage_taken":17708,"minecraft:swim_one_cm":339686,"minecraft:fly_one_cm":2082835,"minecraft:open_chest":676,"minecraft:fish_caught":7,"minecraft:fall_one_cm":293815},"minecraft:broken":{"minecraft:shears":1,"minecraft:stone_pickaxe":2,"minecraft:diamond_pickaxe":1,"minecraft:fishing_rod":1,"alexsmobs:flying_fish_boots":2,"minecraft:wooden_pickaxe":6,"minecraft:iron_axe":5,"minecraft:iron_pickaxe":13,"minecraft:golden_pickaxe":1},"minecraft:killed_by":{"minecraft:creeper":1,"minecraft:pillager":1,"alexsmobs:crocodile":1,"minecraft:witch":5,"minecraft:zombie":1,"alexsmobs:grizzly_bear":1,"minecraft:player":7,"minecraft:iron_golem":2,"stalwart_dungeons:giddy_blaze":2,"minecraft:warden":1,"minecraft:skeleton":2},"minecraft:dropped":{"create:super_glue":1,"minecraft:moss_block":1,"minecraft:baked_potato":4,"minecraft:crafting_table":1,"minecraft:cooked_porkchop":7,"minecraft:crossbow":1,"minecraft:cod":1,"minecraft:flint":1,"create:copper_diving_helmet":1,"minecraft:dirt":568,"reliquary:witch_hat":1,"minecraft:cooked_cod":1,"minecraft:snowball":32,"domum_ornamentum:panel":2,"minecraft:dark_oak_planks":1,"minecraft:white_wool":9,"minecraft:gold_ingot":12,"minecraft:gravel":13,"minecraft:nether_brick":233,"minecraft:iron_nugget":3,"minecraft:cobbled_deepslate":2,"minecraft:wheat":269,"minecraft:cherry_sapling":9,"antiquelegacy:weathered_eagle_standard":1,"minecraft:pointed_dripstone":4,"minecraft:rotten_flesh":3,"domum_ornamentum:side_framed":51,"create:asurine":64,"minecraft:salmon":1,"minecraft:leather_chestplate":1,"minecraft:gunpowder":3,"create:scoria":317,"minecraft:melon_seeds":2,"minecraft:chest":1,"minecraft:arrow":1,"minecraft:glass":121,"structurize:sceptergold":2,"minecraft:iron_ingot":3,"minecraft:bread":4,"minecraft:wheat_seeds":1,"minecraft:cobblestone":1055,"minecraft:iron_helmet":2,"minecraft:copper_ingot":14,"minecraft:stick":8,"minecraft:diorite":27,"magistuarmory:iron_concavehalberd":1,"minecraft:ink_sac":2,"minecraft:torch":1,"antiquelegacy:pelta":2,"minecraft:cooked_salmon":1,"minecraft:potion":1,"minecraft:iron_leggings":2,"minecraft:iron_shovel":1,"create:raw_zinc":25,"minecraft:spruce_sapling":4,"minecraft:smooth_basalt":1,"minecraft:sweet_berries":5,"alexsmobs:maggot":3,"minecraft:clay_ball":324,"minecraft:iron_boots":1,"simple_weapons:iron_scythe":1,"sophisticatedbackpacks:backpack":2,"create:copper_sheet":8,"minecraft:filled_map":1,"create:zinc_ingot":4,"minecraft:spruce_planks":10,"minecraft:iron_chestplate":2,"minecraft:andesite":192,"minecraft:spruce_log":49,"minecraft:wooden_pickaxe":3,"minecraft:black_wool":1,"create:golden_sheet":7},"minecraft:killed":{"minecraft:witch":1,"minecraft:spider":11,"minecraft:skeleton":35,"minecraft:guardian":1,"alexsmobs:banana_slug":1,"alexsmobs:grizzly_bear":1,"minecraft:pig":5,"minecraft:zombie_villager":1,"minecraft:salmon":27,"stalwart_dungeons:giddy_blaze":157,"minecraft:iron_golem":1,"minecraft:creeper":5,"minecraft:sheep":7,"minecraft:pillager":3,"minecraft:zombie":80,"alexsmobs:terrapin":9,"alexsmobs:fly":3,"minecraft:glow_squid":5,"minecraft:cow":32,"minecraft:vex":1,"minecraft:allay":1,"alexsmobs:raccoon":1,"minecraft:vindicator":4,"alexsmobs:tasmanian_devil":1,"minecraft:phantom":4,"minecraft:horse":1,"minecraft:drowned":3,"alexsmobs:flying_fish":3,"alexsmobs:catfish":9,"alexsmobs:crow":2,"minecraft:enderman":3},"minecraft:mined":{"minecraft:dark_oak_planks":132,"minecraft:large_amethyst_bud":2,"minecraft:spruce_planks":15,"minecraft:cherry_log":46,"domum_ornamentum:fancy_door":4,"minecraft:brewing_stand":1,"minecraft:granite":11,"minecraft:grass_block":206,"minecraft:hopper":3,"minecraft:spawner":1,"minecraft:sculk_catalyst":1,"minecraft:cobbled_deepslate":21,"minecraft:iron_ore":137,"minecraft:fire":4,"domum_ornamentum:blockbarreldeco_onside":1,"minecraft:deepslate_lapis_ore":5,"domum_ornamentum:blockpillar":9,"create:asurine":496,"minecraft:pointed_dripstone":17,"minecraft:azalea":1,"minecraft:spruce_slab":10,"minecraft:tripwire":3,"minecraft:deepslate_redstone_ore":9,"minecraft:medium_amethyst_bud":1,"minecraft:amethyst_cluster":4,"minecraft:powder_snow":224,"minecraft:clay":207,"minecraft:torch":6,"minecraft:calcite":143,"create:scoria":318,"minecraft:spruce_wall_sign":1,"minecraft:glass":1,"minecraft:cobblestone":469,"minecraft:wall_torch":13,"minecraft:cauldron":3,"minecraft:pink_petals":11,"domum_ornamentum:blockbarreldeco_standing":4,"minecraft:birch_log":6,"domum_ornamentum:side_framed":40,"minecraft:tnt":3,"minecraft:grass":3,"minecraft:oak_log":9,"minecraft:dirt":643,"minecraft:smooth_basalt":137,"domum_ornamentum:architectscutter":1,"minecraft:stonecutter":1,"minecraft:oak_leaves":138,"minecraft:deepslate":1754,"create:zinc_ore":24,"minecraft:tuff":34,"minecraft:deepslate_diamond_ore":25,"minecraft:candle":7,"minecraft:dark_oak_log":1,"minecraft:glow_lichen":6,"minecraft:allium":1,"minecraft:spruce_leaves":1532,"minecraft:moss_block":2,"minecraft:rooted_dirt":246,"minecraft:large_fern":4,"minecraft:hay_block":94,"minecraft:spore_blossom":2,"minecraft:redstone_ore":20,"minecraft:furnace":6,"minecraft:snow":3,"minecraft:andesite":6,"minecraft:stripped_spruce_log":194,"minecraft:gold_block":1,"minecraft:deepslate_iron_ore":28,"domum_ornamentum:panel":12,"minecraft:stone":1587,"create:polished_cut_calcite":67,"minecraft:flowering_azalea":2,"minecraft:snow_block":171,"minecraft:crafting_table":8,"minecraft:emerald_ore":2,"minecraft:andesite_slab":24,"minecraft:sculk_sensor":5,"minecraft:copper_ore":23,"minecraft:lapis_ore":6,"minecraft:deepslate_gold_ore":18,"minecraft:sculk":1,"minecraft:diorite":165,"minecraft:big_dripleaf":2,"minecraft:gray_wool":1,"minecraft:sweet_berry_bush":3,"minecraft:black_wall_banner":1,"minecraft:spruce_log":773,"minecraft:birch_leaves":1,"minecraft:coal_ore":240,"minecraft:cherry_leaves":356,"minecraft:gravel":70,"minecraft:cobweb":3,"minecraft:polished_andesite":3,"minecraft:gold_ore":10}},"DataVersion":3465}