{"stats":{"minecraft:crafted":{"magistuarmoryaddon:ram_horns_decoration":1,"minecraft:smooth_stone":7,"minecraft:cobweb":4,"minecraft:stone":25,"minecraft:cooked_mutton":35,"minecraft:glass":241,"minecraft:bow":1,"minecraft:iron_boots":2,"minecraft:chest":7,"simple_weapons:iron_katana":1,"alexsmobs:cooked_catfish":3,"domum_ornamentum:blockpillar":9,"minecraft:glass_bottle":1,"minecraft:deepslate":1,"simple_weapons:iron_scythe":2,"sophisticatedbackpacks:backpack":1,"minecraft:emerald":29,"minecraft:cooked_porkchop":2,"simple_weapons:diamond_scythe":1,"minecraft:crafting_table":5,"minecraft:spruce_planks":136,"minecraft:iron_helmet":2,"minecraft:spruce_door":3,"domum_ornamentum:side_framed":124,"minecraft:copper_ingot":76,"magistuarmory:dragon_decoration":1,"minecraft:iron_chestplate":2,"minecraft:diamond_pickaxe":2,"minecraft:charcoal":7,"minecraft:stick":21,"minecraft:stone_slab":6,"minecraft:iron_ingot":140,"minecraft:iron_pickaxe":12,"minecraft:iron_block":3,"minecraft:snow_block":75,"domum_ornamentum:panel":12,"minecraft:shears":2,"minecraft:tripwire_hook":4,"minecraft:smooth_stone_slab":6,"minecraft:iron_nugget":5,"minecraft:spyglass":1,"minecraft:furnace":6,"domum_ornamentum:architectscutter":1,"minecraft:lantern":3,"simple_weapons:iron_spear":1,"minecraft:iron_axe":5,"minecraft:stone_pickaxe":3,"minecraft:spruce_boat":1,"simple_weapons:iron_fist":1,"minecraft:wheat":217,"minecraft:cooked_beef":28,"paraglider:paraglider":1,"minecraft:cooked_cod":45,"minecraft:crossbow":2,"minecraft:spruce_sign":3,"domum_ornamentum:fancy_door":4,"minecraft:cooked_salmon":47,"minecraft:bucket":1,"minecraft:stone_axe":1,"minecraft:air":1362,"ojs_rpg_origins:sapphire_block":1,"antiquelegacy:pelta":3,"immersive_aircraft:heavy_crossbow":1,"minecraft:iron_shovel":1,"minecraft:iron_leggings":2,"minecraft:armor_stand":1,"minecraft:stonecutter":1,"minecraft:anvil":1,"ojs_rpg_origins:sapphire":9,"create:copper_diving_helmet":1,"minecraft:torch":4,"create:zinc_ingot":4},"minecraft:picked_up":{"reliquary:guardian_spike":1,"minecraft:wheat":17,"minecraft:nether_brick":2,"minecraft:brewing_stand":1,"minecraft:string":15,"minecraft:raw_copper":115,"minecraft:cooked_salmon":1,"minecraft:pufferfish":1,"minecraft:cobbled_deepslate":336,"minecraft:spruce_planks":13,"magistuarmory:iron_concavehalberd":1,"minecraft:calcite":141,"minecraft:azalea":1,"minecraft:iron_pickaxe":3,"minecraft:furnace":4,"minecraft:stick":113,"minecraft:big_dripleaf":13,"minecraft:torch":38,"minecraft:porkchop":8,"domum_ornamentum:fancy_door":4,"minecraft:cherry_log":46,"minecraft:pointed_dripstone":59,"minecraft:diorite":119,"minecraft:cauldron":3,"minecraft:rotten_flesh":34,"create:scoria":318,"alexsmobs:flying_fish_boots":1,"minecraft:cod":6,"minecraft:snowball":396,"alexsmobs:flying_fish":3,"minecraft:cobblestone":1596,"minecraft:birch_log":6,"minecraft:pink_petals":35,"minecraft:cooked_beef":6,"minecraft:iron_door":1,"minecraft:cherry_leaves":217,"alexsmobs:bear_fur":1,"paraglider:spirit_orb":2,"minecraft:flint":7,"create:raw_zinc":25,"minecraft:lantern":1,"minecraft:lapis_lazuli":43,"minecraft:dirt":1030,"minecraft:bone":24,"domum_ornamentum:blockbarreldeco_onside":1,"minecraft:stonecutter":1,"minecraft:bow":4,"minecraft:wheat_seeds":1,"minecraft:raw_gold":18,"create:goggles":1,"minecraft:moss_block":1,"create:super_glue":1,"minecraft:glow_lichen":6,"minecraft:stripped_spruce_log":188,"domum_ornamentum:blockpillar":9,"minecraft:ink_sac":2,"minecraft:grass_block":1,"minecraft:dark_oak_log":1,"minecraft:polished_andesite":3,"minecraft:diamond":25,"minecraft:spruce_boat":3,"minecraft:bone_meal":2,"minecraft:spruce_sign":2,"minecraft:emerald":6,"alexsmobs:banana_slug_slime":1,"alexsmobs:maggot":3,"reliquary:witch_hat":1,"create:copper_sheet":8,"minecraft:crafting_table":7,"minecraft:chicken":1,"minecraft:clay_ball":636,"minecraft:golden_pickaxe":2,"create:polished_cut_calcite":67,"minecraft:wooden_pickaxe":4,"minecraft:gold_block":1,"domum_ornamentum:architectscutter":1,"minecraft:candle":18,"minecraft:beef":85,"antiquelegacy:weathered_eagle_standard":1,"minecraft:phantom_membrane":1,"minecraft:egg":10,"minecraft:raw_iron":134,"reliquary:rib_bone":1,"create:golden_sheet":7,"minecraft:copper_ingot":9,"sophisticatedbackpacks:backpack":3,"farmersdelight:tomato_seeds":4,"structurize:sceptergold":2,"minecraft:carrot":1,"minecraft:redstone":105,"minecraft:prismarine_crystals":1,"minecraft:dark_oak_planks":132,"minecraft:tnt":3,"minecraft:arrow":31,"minecraft:cooked_cod":1,"minecraft:hay_block":94,"minecraft:black_banner":1,"minecraft:gold_ingot":12,"minecraft:mutton":8,"minecraft:white_wool":5,"minecraft:salmon":16,"minecraft:glow_ink_sac":15,"domum_ornamentum:blockbarreldeco_standing":4,"minecraft:leather":43,"domum_ornamentum:panel":12,"minecraft:oak_log":10,"minecraft:gunpowder":8,"minecraft:white_banner":1,"domum_ornamentum:side_framed":83,"minecraft:iron_ingot":2,"minecraft:cobweb":3,"minecraft:flowering_azalea":1,"minecraft:smooth_basalt":168,"minecraft:sweet_berries":9,"minecraft:gravel":47,"minecraft:amethyst_shard":28,"minecraft:spruce_sapling":81,"minecraft:spruce_log":767,"minecraft:spider_eye":5,"antiquelegacy:pelta":1,"alexsmobs:raw_catfish":3,"minecraft:iron_helmet":1,"minecraft:cherry_sapling":10,"minecraft:gray_wool":1,"minecraft:baked_potato":4,"minecraft:black_wool":1,"minecraft:coal":280,"minecraft:ender_pearl":2},"minecraft:used":{"minecraft:cherry_sapling":1,"minecraft:iron_shovel":217,"minecraft:chest":5,"minecraft:rotten_flesh":1,"minecraft:mutton":2,"minecraft:axolotl_bucket":1,"minecraft:snowball":16,"minecraft:stripped_spruce_log":173,"minecraft:big_dripleaf":13,"minecraft:spruce_boat":4,"minecraft:glass":54,"minecraft:lantern":3,"create:scoria":1,"farmersdelight:rotten_tomato":3,"minecraft:cherry_leaves":5,"create:polished_cut_calcite":67,"minecraft:bow":13,"minecraft:sweet_berries":4,"minecraft:furnace":10,"minecraft:cooked_cod":20,"minecraft:gold_block":1,"minecraft:egg":5,"simple_weapons:iron_scythe":419,"domum_ornamentum:architectscutter":2,"minecraft:spruce_door":1,"magistuarmory:iron_concavehalberd":22,"minecraft:stone_pickaxe":278,"alexsmobs:flying_fish_boots":1,"domum_ornamentum:fancy_door":6,"minecraft:shears":231,"waystones:waystone":1,"domum_ornamentum:blockpillar":11,"simple_weapons:iron_fist":51,"minecraft:string":3,"minecraft:gravel":1,"minecraft:andesite":1,"minecraft:golden_pickaxe":32,"minecraft:cobweb":7,"minecraft:tropical_fish":3,"minecraft:armor_stand":1,"minecraft:spruce_planks":32,"minecraft:cooked_salmon":52,"minecraft:torch":46,"minecraft:brewing_stand":1,"minecraft:dirt":141,"minecraft:spyglass":108,"minecraft:anvil":1,"minecraft:dark_oak_planks":3,"minecraft:iron_axe":1188,"simple_weapons:iron_spear":9,"minecraft:smooth_basalt":71,"minecraft:beef":33,"minecraft:cooked_beef":34,"minecraft:cobbled_deepslate":339,"minecraft:cherry_log":11,"minecraft:pointed_dripstone":54,"minecraft:calcite":6,"minecraft:cooked_mutton":3,"alexsmobs:cooked_catfish":3,"minecraft:water_bucket":13,"minecraft:snow_block":75,"domum_ornamentum:blockbarreldeco_standing":4,"minecraft:glass_bottle":3,"minecraft:polished_andesite":7,"antiquelegacy:pelta":20,"minecraft:cauldron":3,"simple_weapons:diamond_scythe":57,"minecraft:spruce_sign":5,"minecraft:stonecutter":2,"minecraft:salmon":2,"minecraft:tnt":8,"minecraft:crafting_table":11,"minecraft:cod":5,"domum_ornamentum:side_framed":140,"minecraft:spruce_log":438,"minecraft:diamond_pickaxe":1596,"minecraft:iron_pickaxe":3052,"minecraft:spruce_sapling":8,"domum_ornamentum:blockbarreldeco_onside":1,"minecraft:stone_axe":35,"minecraft:fishing_rod":26,"minecraft:cobblestone":738,"minecraft:porkchop":6,"minecraft:white_banner":1,"minecraft:cooked_porkchop":12,"minecraft:bucket":15,"alexsmobs:animal_dictionary":1,"domum_ornamentum:panel":22,"minecraft:gray_wool":1,"structurize:sceptergold":2,"minecraft:candle":1},"minecraft:custom":{"lootr:looted_stat":15,"minecraft:animals_bred":1,"minecraft:interact_with_crafting_table":77,"minecraft:open_barrel":2,"minecraft:leave_game":13,"minecraft:time_since_death":74367,"minecraft:sprint_one_cm":1306159,"minecraft:damage_blocked_by_shield":510,"minecraft:drop":122,"minecraft:talked_to_villager":19,"minecraft:play_time":665088,"minecraft:deaths":32,"minecraft:jump":11332,"minecraft:interact_with_brewingstand":6,"minecraft:walk_on_water_one_cm":76021,"minecraft:interact_with_furnace":229,"minecraft:traded_with_villager":31,"minecraft:sleep_in_bed":4,"minecraft:waystone_activated":3,"minecraft:damage_dealt":31526,"minecraft:player_kills":1,"minecraft:crouch_one_cm":103014,"minecraft:horse_one_cm":10163,"minecraft:interact_with_anvil":3,"minecraft:mob_kills":221,"minecraft:fill_cauldron":3,"minecraft:interact_with_campfire":5,"minecraft:damage_dealt_resisted":2672,"minecraft:climb_one_cm":67425,"minecraft:walk_one_cm":1882988,"minecraft:damage_dealt_absorbed":80,"minecraft:sneak_time":38284,"minecraft:walk_under_water_one_cm":83363,"minecraft:total_world_time":665088,"minecraft:interact_with_stonecutter":11,"minecraft:time_since_rest":74400,"minecraft:damage_taken":14873,"minecraft:swim_one_cm":205775,"minecraft:fly_one_cm":1946081,"minecraft:open_chest":521,"minecraft:fish_caught":7,"minecraft:fall_one_cm":271666},"minecraft:broken":{"minecraft:shears":1,"minecraft:stone_pickaxe":2,"minecraft:diamond_pickaxe":1,"minecraft:fishing_rod":1,"alexsmobs:flying_fish_boots":2,"minecraft:iron_axe":4,"minecraft:iron_pickaxe":13,"minecraft:golden_pickaxe":1},"minecraft:killed_by":{"minecraft:creeper":1,"minecraft:pillager":1,"alexsmobs:crocodile":1,"minecraft:witch":5,"minecraft:zombie":1,"alexsmobs:grizzly_bear":1,"minecraft:player":7,"minecraft:iron_golem":2,"minecraft:warden":1,"minecraft:skeleton":2},"minecraft:dropped":{"create:super_glue":1,"minecraft:moss_block":1,"minecraft:baked_potato":4,"minecraft:crafting_table":1,"minecraft:cooked_porkchop":7,"minecraft:cod":1,"create:copper_diving_helmet":1,"minecraft:dirt":376,"reliquary:witch_hat":1,"minecraft:cooked_cod":1,"minecraft:snowball":32,"domum_ornamentum:panel":2,"minecraft:dark_oak_planks":1,"minecraft:white_wool":9,"minecraft:gold_ingot":12,"minecraft:gravel":1,"minecraft:iron_nugget":3,"minecraft:cobbled_deepslate":2,"minecraft:wheat":269,"antiquelegacy:weathered_eagle_standard":1,"minecraft:pointed_dripstone":4,"minecraft:rotten_flesh":3,"domum_ornamentum:side_framed":51,"minecraft:salmon":1,"minecraft:leather_chestplate":1,"minecraft:gunpowder":1,"create:scoria":253,"minecraft:melon_seeds":2,"minecraft:chest":1,"minecraft:arrow":1,"minecraft:glass":121,"structurize:sceptergold":2,"minecraft:iron_ingot":3,"minecraft:bread":4,"minecraft:wheat_seeds":1,"minecraft:cobblestone":16,"minecraft:iron_helmet":2,"minecraft:copper_ingot":14,"minecraft:stick":8,"minecraft:diorite":27,"magistuarmory:iron_concavehalberd":1,"minecraft:ink_sac":2,"antiquelegacy:pelta":2,"minecraft:cooked_salmon":1,"minecraft:potion":1,"minecraft:iron_leggings":2,"minecraft:iron_shovel":1,"create:raw_zinc":25,"minecraft:spruce_sapling":4,"minecraft:smooth_basalt":1,"minecraft:sweet_berries":5,"alexsmobs:maggot":3,"minecraft:clay_ball":324,"minecraft:iron_boots":1,"simple_weapons:iron_scythe":1,"sophisticatedbackpacks:backpack":2,"create:copper_sheet":8,"minecraft:filled_map":1,"create:zinc_ingot":4,"minecraft:spruce_planks":6,"minecraft:iron_chestplate":2,"minecraft:spruce_log":49,"minecraft:wooden_pickaxe":2,"create:golden_sheet":7},"minecraft:killed":{"minecraft:witch":1,"minecraft:spider":5,"minecraft:skeleton":25,"minecraft:guardian":1,"alexsmobs:banana_slug":1,"alexsmobs:grizzly_bear":1,"minecraft:pig":5,"minecraft:zombie_villager":1,"minecraft:salmon":18,"minecraft:iron_golem":1,"minecraft:creeper":4,"minecraft:sheep":7,"minecraft:pillager":3,"minecraft:zombie":36,"alexsmobs:terrapin":8,"alexsmobs:fly":3,"minecraft:glow_squid":5,"minecraft:cow":32,"minecraft:vex":1,"minecraft:allay":1,"alexsmobs:raccoon":1,"minecraft:vindicator":4,"alexsmobs:tasmanian_devil":1,"minecraft:phantom":4,"minecraft:horse":1,"minecraft:drowned":1,"alexsmobs:flying_fish":3,"alexsmobs:catfish":4,"alexsmobs:crow":2,"minecraft:enderman":3},"minecraft:mined":{"minecraft:dark_oak_planks":132,"minecraft:large_amethyst_bud":2,"minecraft:spruce_planks":15,"minecraft:cherry_log":46,"domum_ornamentum:fancy_door":4,"minecraft:brewing_stand":1,"minecraft:granite":11,"minecraft:grass_block":206,"minecraft:spawner":1,"minecraft:sculk_catalyst":1,"minecraft:cobbled_deepslate":21,"minecraft:iron_ore":118,"minecraft:fire":4,"domum_ornamentum:blockbarreldeco_onside":1,"minecraft:deepslate_lapis_ore":5,"domum_ornamentum:blockpillar":9,"minecraft:pointed_dripstone":17,"minecraft:azalea":1,"minecraft:tripwire":3,"minecraft:deepslate_redstone_ore":9,"minecraft:medium_amethyst_bud":1,"minecraft:amethyst_cluster":4,"minecraft:powder_snow":224,"minecraft:clay":207,"minecraft:torch":5,"minecraft:calcite":143,"create:scoria":318,"minecraft:spruce_wall_sign":1,"minecraft:cobblestone":457,"minecraft:wall_torch":1,"minecraft:cauldron":3,"minecraft:pink_petals":11,"domum_ornamentum:blockbarreldeco_standing":4,"minecraft:birch_log":6,"domum_ornamentum:side_framed":40,"minecraft:tnt":3,"minecraft:grass":3,"minecraft:oak_log":9,"minecraft:dirt":641,"minecraft:smooth_basalt":137,"domum_ornamentum:architectscutter":1,"minecraft:stonecutter":1,"minecraft:oak_leaves":138,"minecraft:deepslate":1670,"create:zinc_ore":24,"minecraft:deepslate_diamond_ore":25,"minecraft:candle":7,"minecraft:dark_oak_log":1,"minecraft:glow_lichen":6,"minecraft:allium":1,"minecraft:spruce_leaves":1532,"minecraft:moss_block":1,"minecraft:large_fern":4,"minecraft:hay_block":94,"minecraft:redstone_ore":14,"minecraft:furnace":4,"minecraft:snow":3,"minecraft:stripped_spruce_log":194,"minecraft:gold_block":1,"minecraft:deepslate_iron_ore":28,"domum_ornamentum:panel":12,"minecraft:stone":1409,"create:polished_cut_calcite":67,"minecraft:flowering_azalea":1,"minecraft:snow_block":171,"minecraft:crafting_table":7,"minecraft:emerald_ore":2,"minecraft:sculk_sensor":5,"minecraft:copper_ore":23,"minecraft:lapis_ore":6,"minecraft:deepslate_gold_ore":18,"minecraft:sculk":1,"minecraft:diorite":165,"minecraft:big_dripleaf":2,"minecraft:gray_wool":1,"minecraft:sweet_berry_bush":3,"minecraft:black_wall_banner":1,"minecraft:spruce_log":719,"minecraft:birch_leaves":1,"minecraft:coal_ore":201,"minecraft:cherry_leaves":356,"minecraft:gravel":56,"minecraft:cobweb":3,"minecraft:polished_andesite":3}},"DataVersion":3465}