{"stats":{"minecraft:custom":{"lootr:looted_stat":11,"minecraft:animals_bred":1,"minecraft:interact_with_crafting_table":38,"minecraft:open_barrel":2,"minecraft:leave_game":6,"minecraft:time_since_death":33854,"minecraft:sprint_one_cm":677429,"minecraft:damage_blocked_by_shield":510,"minecraft:drop":77,"minecraft:talked_to_villager":14,"minecraft:play_time":345625,"minecraft:deaths":18,"minecraft:jump":5741,"minecraft:interact_with_brewingstand":6,"minecraft:walk_on_water_one_cm":69969,"minecraft:interact_with_furnace":170,"minecraft:traded_with_villager":31,"minecraft:sleep_in_bed":4,"minecraft:waystone_activated":1,"minecraft:damage_dealt":21342,"minecraft:crouch_one_cm":68796,"minecraft:mob_kills":145,"minecraft:interact_with_anvil":2,"minecraft:fill_cauldron":3,"minecraft:damage_dealt_resisted":2672,"minecraft:climb_one_cm":36957,"minecraft:walk_one_cm":847373,"minecraft:damage_dealt_absorbed":80,"minecraft:sneak_time":24222,"minecraft:walk_under_water_one_cm":80174,"minecraft:total_world_time":345625,"minecraft:time_since_rest":33902,"minecraft:damage_taken":8411,"minecraft:swim_one_cm":200496,"minecraft:fly_one_cm":990979,"minecraft:open_chest":358,"minecraft:fish_caught":7,"minecraft:fall_one_cm":125827},"minecraft:mined":{"minecraft:dark_oak_planks":132,"minecraft:large_amethyst_bud":2,"minecraft:spruce_planks":14,"minecraft:brewing_stand":1,"minecraft:granite":11,"minecraft:grass_block":76,"minecraft:spawner":1,"minecraft:sculk_catalyst":1,"minecraft:iron_ore":118,"minecraft:fire":4,"domum_ornamentum:blockbarreldeco_onside":1,"minecraft:deepslate_lapis_ore":5,"minecraft:pointed_dripstone":16,"minecraft:azalea":1,"minecraft:tripwire":3,"minecraft:deepslate_redstone_ore":3,"minecraft:medium_amethyst_bud":1,"minecraft:amethyst_cluster":4,"minecraft:powder_snow":224,"minecraft:clay":207,"minecraft:torch":3,"minecraft:calcite":141,"minecraft:spruce_wall_sign":1,"minecraft:cobblestone":22,"minecraft:wall_torch":1,"minecraft:cauldron":3,"domum_ornamentum:blockbarreldeco_standing":4,"minecraft:birch_log":6,"minecraft:tnt":3,"minecraft:grass":2,"minecraft:oak_log":9,"minecraft:dirt":556,"minecraft:smooth_basalt":129,"minecraft:oak_leaves":1,"minecraft:deepslate":4,"create:zinc_ore":24,"minecraft:deepslate_diamond_ore":1,"minecraft:candle":7,"minecraft:dark_oak_log":1,"minecraft:glow_lichen":6,"minecraft:spruce_leaves":311,"minecraft:moss_block":1,"minecraft:large_fern":1,"minecraft:hay_block":65,"minecraft:redstone_ore":14,"minecraft:furnace":4,"minecraft:gold_block":1,"minecraft:deepslate_iron_ore":28,"minecraft:stone":1261,"minecraft:flowering_azalea":1,"minecraft:snow_block":164,"minecraft:crafting_table":2,"minecraft:sculk_sensor":5,"minecraft:copper_ore":23,"minecraft:lapis_ore":6,"minecraft:deepslate_gold_ore":5,"minecraft:sculk":1,"minecraft:diorite":161,"minecraft:big_dripleaf":2,"minecraft:gray_wool":1,"minecraft:black_wall_banner":1,"minecraft:spruce_log":176,"minecraft:coal_ore":148,"minecraft:gravel":55,"minecraft:cobweb":3},"minecraft:broken":{"minecraft:stone_pickaxe":2,"minecraft:fishing_rod":1,"alexsmobs:flying_fish_boots":1,"minecraft:iron_axe":1,"minecraft:iron_pickaxe":8,"minecraft:golden_pickaxe":1},"minecraft:used":{"minecraft:iron_shovel":199,"minecraft:chest":5,"minecraft:mutton":1,"minecraft:axolotl_bucket":1,"minecraft:snowball":16,"minecraft:big_dripleaf":13,"farmersdelight:rotten_tomato":3,"minecraft:bow":7,"minecraft:sweet_berries":3,"minecraft:furnace":8,"minecraft:cooked_cod":17,"minecraft:gold_block":1,"minecraft:egg":3,"simple_weapons:iron_scythe":355,"minecraft:spruce_door":1,"minecraft:stone_pickaxe":278,"alexsmobs:flying_fish_boots":1,"minecraft:shears":4,"simple_weapons:iron_fist":51,"minecraft:string":3,"minecraft:golden_pickaxe":32,"minecraft:cobweb":7,"minecraft:spruce_planks":32,"minecraft:cooked_salmon":44,"minecraft:torch":35,"minecraft:brewing_stand":1,"minecraft:dirt":62,"minecraft:spyglass":61,"minecraft:anvil":1,"minecraft:dark_oak_planks":3,"minecraft:iron_axe":241,"simple_weapons:iron_spear":9,"minecraft:beef":4,"minecraft:cooked_beef":4,"minecraft:pointed_dripstone":53,"minecraft:calcite":4,"minecraft:cooked_mutton":2,"minecraft:water_bucket":13,"alexsmobs:cooked_catfish":3,"domum_ornamentum:blockbarreldeco_standing":4,"minecraft:glass_bottle":3,"antiquelegacy:pelta":20,"minecraft:spruce_sign":5,"minecraft:cauldron":3,"minecraft:salmon":2,"minecraft:tnt":8,"minecraft:crafting_table":5,"minecraft:cod":5,"minecraft:iron_pickaxe":1847,"domum_ornamentum:blockbarreldeco_onside":1,"minecraft:stone_axe":35,"minecraft:fishing_rod":26,"minecraft:cobblestone":467,"minecraft:white_banner":1,"minecraft:cooked_porkchop":9,"minecraft:porkchop":3,"minecraft:bucket":15,"alexsmobs:animal_dictionary":1,"minecraft:gray_wool":1,"minecraft:candle":1,"structurize:sceptergold":2},"minecraft:crafted":{"magistuarmoryaddon:ram_horns_decoration":1,"minecraft:cobweb":4,"minecraft:cooked_mutton":34,"minecraft:glass":125,"minecraft:iron_boots":2,"minecraft:chest":5,"simple_weapons:iron_katana":1,"alexsmobs:cooked_catfish":3,"minecraft:glass_bottle":1,"simple_weapons:iron_scythe":2,"minecraft:emerald":29,"minecraft:crafting_table":3,"minecraft:spruce_planks":54,"minecraft:iron_helmet":2,"minecraft:spruce_door":3,"minecraft:copper_ingot":76,"magistuarmory:dragon_decoration":1,"minecraft:iron_chestplate":2,"minecraft:stick":11,"minecraft:iron_ingot":140,"minecraft:iron_pickaxe":8,"minecraft:iron_block":3,"minecraft:shears":1,"minecraft:iron_nugget":2,"minecraft:spyglass":1,"minecraft:furnace":4,"simple_weapons:iron_spear":1,"minecraft:iron_axe":1,"minecraft:stone_pickaxe":3,"simple_weapons:iron_fist":1,"minecraft:wheat":65,"minecraft:cooked_beef":15,"minecraft:cooked_cod":44,"minecraft:spruce_sign":3,"minecraft:cooked_salmon":44,"minecraft:bucket":1,"minecraft:stone_axe":1,"minecraft:air":882,"ojs_rpg_origins:sapphire_block":1,"antiquelegacy:pelta":3,"minecraft:iron_shovel":1,"minecraft:iron_leggings":2,"minecraft:anvil":1,"ojs_rpg_origins:sapphire":9,"create:copper_diving_helmet":1,"minecraft:torch":4,"create:zinc_ingot":4},"minecraft:dropped":{"minecraft:moss_block":1,"minecraft:baked_potato":4,"minecraft:cooked_porkchop":7,"minecraft:cod":1,"create:copper_diving_helmet":1,"minecraft:dirt":374,"reliquary:witch_hat":1,"minecraft:cooked_cod":1,"minecraft:snowball":32,"minecraft:dark_oak_planks":1,"minecraft:white_wool":8,"minecraft:gold_ingot":10,"minecraft:gravel":1,"minecraft:cobbled_deepslate":2,"antiquelegacy:weathered_eagle_standard":1,"minecraft:rotten_flesh":2,"minecraft:salmon":1,"minecraft:leather_chestplate":1,"minecraft:arrow":1,"minecraft:glass":121,"structurize:sceptergold":2,"minecraft:iron_ingot":3,"minecraft:wheat_seeds":1,"minecraft:cobblestone":16,"minecraft:iron_helmet":1,"minecraft:copper_ingot":14,"minecraft:stick":8,"minecraft:diorite":23,"minecraft:ink_sac":2,"antiquelegacy:pelta":2,"minecraft:cooked_salmon":1,"minecraft:potion":1,"minecraft:iron_leggings":2,"create:raw_zinc":25,"minecraft:spruce_sapling":1,"minecraft:smooth_basalt":1,"minecraft:clay_ball":324,"minecraft:iron_boots":1,"sophisticatedbackpacks:backpack":1,"create:copper_sheet":8,"minecraft:filled_map":1,"minecraft:spruce_planks":1,"create:zinc_ingot":4,"minecraft:iron_chestplate":1,"minecraft:wooden_pickaxe":2,"create:golden_sheet":7},"minecraft:picked_up":{"reliquary:guardian_spike":1,"minecraft:nether_brick":2,"minecraft:brewing_stand":1,"minecraft:string":13,"minecraft:raw_copper":115,"minecraft:cooked_salmon":1,"minecraft:pufferfish":1,"minecraft:cobbled_deepslate":4,"minecraft:spruce_planks":11,"minecraft:calcite":141,"minecraft:azalea":1,"minecraft:iron_pickaxe":3,"minecraft:furnace":4,"minecraft:stick":71,"minecraft:big_dripleaf":13,"minecraft:torch":33,"minecraft:porkchop":5,"minecraft:pointed_dripstone":53,"minecraft:diorite":115,"minecraft:cauldron":3,"minecraft:rotten_flesh":31,"alexsmobs:flying_fish_boots":1,"minecraft:cod":6,"minecraft:snowball":340,"alexsmobs:flying_fish":3,"minecraft:cobblestone":1119,"minecraft:birch_log":6,"minecraft:cooked_beef":1,"minecraft:iron_door":1,"alexsmobs:bear_fur":1,"paraglider:spirit_orb":2,"minecraft:flint":7,"create:raw_zinc":25,"minecraft:dirt":809,"minecraft:lapis_lazuli":43,"minecraft:bone":14,"domum_ornamentum:blockbarreldeco_onside":1,"minecraft:bow":2,"minecraft:wheat_seeds":1,"minecraft:raw_gold":5,"create:goggles":1,"minecraft:moss_block":1,"minecraft:glow_lichen":6,"minecraft:ink_sac":2,"minecraft:dark_oak_log":1,"minecraft:diamond":1,"minecraft:bone_meal":2,"minecraft:spruce_sign":2,"minecraft:emerald":4,"reliquary:witch_hat":1,"create:copper_sheet":8,"minecraft:crafting_table":2,"minecraft:chicken":1,"minecraft:clay_ball":636,"minecraft:golden_pickaxe":2,"minecraft:wooden_pickaxe":4,"minecraft:gold_block":1,"minecraft:candle":18,"minecraft:beef":19,"antiquelegacy:weathered_eagle_standard":1,"minecraft:egg":3,"minecraft:raw_iron":134,"create:golden_sheet":7,"minecraft:copper_ingot":9,"sophisticatedbackpacks:backpack":2,"farmersdelight:tomato_seeds":4,"structurize:sceptergold":2,"minecraft:carrot":1,"minecraft:redstone":79,"minecraft:prismarine_crystals":1,"minecraft:dark_oak_planks":132,"minecraft:tnt":3,"minecraft:arrow":16,"minecraft:cooked_cod":1,"minecraft:hay_block":65,"minecraft:black_banner":1,"minecraft:gold_ingot":10,"minecraft:mutton":5,"minecraft:white_wool":4,"minecraft:glow_ink_sac":15,"domum_ornamentum:blockbarreldeco_standing":4,"minecraft:salmon":16,"minecraft:leather":8,"minecraft:oak_log":10,"minecraft:gunpowder":6,"minecraft:white_banner":1,"minecraft:iron_ingot":2,"minecraft:cobweb":3,"minecraft:flowering_azalea":1,"minecraft:smooth_basalt":129,"minecraft:sweet_berries":3,"minecraft:gravel":47,"minecraft:amethyst_shard":28,"minecraft:spruce_sapling":18,"minecraft:spruce_log":175,"minecraft:spider_eye":5,"antiquelegacy:pelta":1,"alexsmobs:raw_catfish":3,"minecraft:gray_wool":1,"minecraft:baked_potato":4,"minecraft:coal":227},"minecraft:killed":{"minecraft:witch":1,"minecraft:spider":4,"minecraft:skeleton":15,"minecraft:guardian":1,"minecraft:pig":2,"alexsmobs:grizzly_bear":1,"minecraft:salmon":18,"minecraft:creeper":2,"minecraft:sheep":4,"minecraft:pillager":1,"minecraft:zombie":33,"alexsmobs:terrapin":8,"minecraft:glow_squid":5,"minecraft:cow":5,"minecraft:vex":1,"minecraft:allay":1,"minecraft:vindicator":4,"alexsmobs:tasmanian_devil":1,"minecraft:drowned":1,"alexsmobs:flying_fish":3,"alexsmobs:catfish":4,"alexsmobs:crow":1},"minecraft:killed_by":{"minecraft:witch":5,"alexsmobs:grizzly_bear":1,"minecraft:player":7,"minecraft:warden":1,"minecraft:skeleton":1}},"DataVersion":3465}