{"stats":{"minecraft:custom":{"lootr:looted_stat":11,"minecraft:interact_with_anvil":2,"minecraft:mob_kills":142,"minecraft:animals_bred":1,"minecraft:interact_with_crafting_table":35,"minecraft:open_barrel":2,"minecraft:fill_cauldron":3,"minecraft:damage_dealt_resisted":2672,"minecraft:leave_game":6,"minecraft:time_since_death":9854,"minecraft:climb_one_cm":34680,"minecraft:sprint_one_cm":630714,"minecraft:walk_one_cm":764007,"minecraft:damage_blocked_by_shield":510,"minecraft:drop":74,"minecraft:damage_dealt_absorbed":80,"minecraft:talked_to_villager":14,"minecraft:play_time":321625,"minecraft:sneak_time":22578,"minecraft:deaths":18,"minecraft:walk_under_water_one_cm":80174,"minecraft:interact_with_brewingstand":6,"minecraft:jump":5335,"minecraft:walk_on_water_one_cm":69812,"minecraft:total_world_time":321625,"minecraft:interact_with_furnace":170,"minecraft:traded_with_villager":31,"minecraft:sleep_in_bed":4,"minecraft:waystone_activated":1,"minecraft:time_since_rest":9902,"minecraft:damage_taken":8303,"minecraft:damage_dealt":20942,"minecraft:swim_one_cm":200496,"minecraft:fly_one_cm":932925,"minecraft:open_chest":340,"minecraft:crouch_one_cm":62511,"minecraft:fish_caught":7,"minecraft:fall_one_cm":119288},"minecraft:mined":{"create:zinc_ore":24,"minecraft:large_amethyst_bud":2,"minecraft:spruce_planks":14,"minecraft:deepslate_diamond_ore":1,"minecraft:candle":7,"minecraft:dark_oak_log":1,"minecraft:brewing_stand":1,"minecraft:glow_lichen":6,"minecraft:granite":11,"minecraft:grass_block":76,"minecraft:spruce_leaves":7,"minecraft:moss_block":1,"minecraft:spawner":1,"minecraft:large_fern":1,"minecraft:hay_block":65,"minecraft:redstone_ore":14,"minecraft:furnace":4,"minecraft:sculk_catalyst":1,"minecraft:iron_ore":118,"minecraft:fire":4,"domum_ornamentum:blockbarreldeco_onside":1,"minecraft:deepslate_lapis_ore":5,"minecraft:gold_block":1,"minecraft:pointed_dripstone":16,"minecraft:deepslate_iron_ore":28,"minecraft:azalea":1,"minecraft:stone":1072,"minecraft:tripwire":3,"minecraft:deepslate_redstone_ore":3,"minecraft:flowering_azalea":1,"minecraft:medium_amethyst_bud":1,"minecraft:amethyst_cluster":4,"minecraft:powder_snow":220,"minecraft:clay":207,"minecraft:crafting_table":2,"minecraft:torch":3,"minecraft:calcite":141,"minecraft:sculk_sensor":5,"minecraft:spruce_wall_sign":1,"minecraft:copper_ore":23,"minecraft:deepslate_gold_ore":5,"minecraft:lapis_ore":6,"minecraft:sculk":1,"minecraft:diorite":161,"minecraft:cauldron":3,"minecraft:wall_torch":1,"minecraft:big_dripleaf":2,"domum_ornamentum:blockbarreldeco_standing":4,"minecraft:gray_wool":1,"minecraft:birch_log":6,"minecraft:black_wall_banner":1,"minecraft:spruce_log":102,"minecraft:tnt":3,"minecraft:grass":2,"minecraft:coal_ore":125,"minecraft:oak_log":9,"minecraft:gravel":55,"minecraft:dirt":436,"minecraft:cobweb":3,"minecraft:smooth_basalt":129,"minecraft:oak_leaves":1,"minecraft:deepslate":4,"minecraft:dark_oak_planks":132},"minecraft:broken":{"minecraft:stone_pickaxe":2,"minecraft:iron_pickaxe":7,"minecraft:golden_pickaxe":1,"minecraft:fishing_rod":1,"alexsmobs:flying_fish_boots":1},"minecraft:used":{"minecraft:spruce_planks":32,"minecraft:cooked_salmon":44,"minecraft:torch":33,"minecraft:brewing_stand":1,"minecraft:spyglass":61,"minecraft:dirt":48,"minecraft:mutton":1,"minecraft:anvil":1,"minecraft:axolotl_bucket":1,"minecraft:big_dripleaf":13,"minecraft:dark_oak_planks":3,"minecraft:iron_axe":180,"farmersdelight:rotten_tomato":3,"simple_weapons:iron_spear":9,"minecraft:bow":7,"minecraft:beef":4,"minecraft:sweet_berries":3,"minecraft:cooked_cod":16,"minecraft:furnace":8,"minecraft:gold_block":1,"minecraft:egg":3,"minecraft:cooked_beef":1,"minecraft:pointed_dripstone":53,"simple_weapons:iron_scythe":348,"minecraft:calcite":4,"minecraft:cooked_mutton":2,"alexsmobs:cooked_catfish":3,"minecraft:water_bucket":13,"minecraft:spruce_door":1,"domum_ornamentum:blockbarreldeco_standing":4,"minecraft:stone_pickaxe":278,"antiquelegacy:pelta":20,"minecraft:glass_bottle":3,"alexsmobs:flying_fish_boots":1,"minecraft:cauldron":3,"minecraft:spruce_sign":5,"minecraft:salmon":2,"minecraft:tnt":8,"minecraft:crafting_table":4,"minecraft:cod":5,"minecraft:shears":4,"minecraft:iron_pickaxe":1613,"simple_weapons:iron_fist":51,"minecraft:string":3,"domum_ornamentum:blockbarreldeco_onside":1,"minecraft:stone_axe":35,"minecraft:fishing_rod":26,"minecraft:porkchop":3,"minecraft:cooked_porkchop":9,"minecraft:bucket":15,"structurize:sceptergold":2,"alexsmobs:animal_dictionary":1,"minecraft:golden_pickaxe":32,"minecraft:gray_wool":1,"minecraft:candle":1,"minecraft:cobweb":7},"minecraft:crafted":{"magistuarmoryaddon:ram_horns_decoration":1,"minecraft:iron_nugget":2,"minecraft:spyglass":1,"minecraft:cobweb":4,"minecraft:furnace":4,"minecraft:cooked_mutton":34,"minecraft:glass":125,"simple_weapons:iron_spear":1,"minecraft:iron_boots":2,"minecraft:iron_axe":1,"minecraft:stone_pickaxe":3,"simple_weapons:iron_katana":1,"alexsmobs:cooked_catfish":3,"simple_weapons:iron_fist":1,"minecraft:wheat":65,"minecraft:cooked_beef":15,"minecraft:glass_bottle":1,"minecraft:cooked_cod":44,"simple_weapons:iron_scythe":2,"minecraft:emerald":29,"minecraft:spruce_sign":3,"minecraft:crafting_table":2,"minecraft:spruce_planks":26,"minecraft:iron_helmet":2,"minecraft:spruce_door":3,"minecraft:cooked_salmon":44,"minecraft:copper_ingot":76,"minecraft:bucket":1,"minecraft:stone_axe":1,"minecraft:air":740,"ojs_rpg_origins:sapphire_block":1,"magistuarmory:dragon_decoration":1,"antiquelegacy:pelta":3,"minecraft:iron_chestplate":2,"minecraft:stick":9,"minecraft:iron_ingot":140,"minecraft:iron_pickaxe":7,"minecraft:iron_block":3,"minecraft:iron_leggings":2,"minecraft:anvil":1,"ojs_rpg_origins:sapphire":9,"create:copper_diving_helmet":1,"create:zinc_ingot":4,"minecraft:shears":1},"minecraft:dropped":{"minecraft:iron_ingot":3,"minecraft:moss_block":1,"minecraft:wheat_seeds":1,"minecraft:baked_potato":4,"minecraft:cooked_porkchop":7,"minecraft:iron_helmet":1,"minecraft:cobblestone":16,"minecraft:copper_ingot":14,"minecraft:cod":1,"minecraft:stick":8,"create:copper_diving_helmet":1,"minecraft:dirt":374,"minecraft:diorite":23,"minecraft:ink_sac":2,"reliquary:witch_hat":1,"minecraft:cooked_cod":1,"antiquelegacy:pelta":2,"minecraft:cooked_salmon":1,"minecraft:potion":1,"minecraft:iron_leggings":2,"minecraft:dark_oak_planks":1,"minecraft:white_wool":8,"create:raw_zinc":25,"minecraft:gold_ingot":10,"minecraft:smooth_basalt":1,"minecraft:gravel":1,"minecraft:cobbled_deepslate":2,"antiquelegacy:weathered_eagle_standard":1,"minecraft:rotten_flesh":2,"minecraft:clay_ball":324,"minecraft:iron_boots":1,"sophisticatedbackpacks:backpack":1,"create:copper_sheet":8,"minecraft:salmon":1,"minecraft:filled_map":1,"minecraft:leather_chestplate":1,"create:zinc_ingot":4,"minecraft:spruce_planks":1,"minecraft:iron_chestplate":1,"minecraft:arrow":1,"minecraft:glass":121,"minecraft:wooden_pickaxe":2,"structurize:sceptergold":2,"create:golden_sheet":7},"minecraft:picked_up":{"create:copper_sheet":8,"reliquary:guardian_spike":1,"minecraft:crafting_table":2,"minecraft:chicken":1,"minecraft:clay_ball":636,"minecraft:golden_pickaxe":2,"minecraft:wooden_pickaxe":4,"minecraft:gold_block":1,"minecraft:nether_brick":2,"minecraft:brewing_stand":1,"minecraft:string":13,"minecraft:cooked_salmon":1,"minecraft:raw_copper":115,"minecraft:pufferfish":1,"minecraft:candle":18,"minecraft:cobbled_deepslate":4,"minecraft:spruce_planks":11,"minecraft:beef":19,"minecraft:calcite":141,"minecraft:azalea":1,"minecraft:iron_pickaxe":3,"antiquelegacy:weathered_eagle_standard":1,"minecraft:furnace":4,"minecraft:egg":3,"minecraft:raw_iron":134,"minecraft:stick":64,"create:golden_sheet":7,"minecraft:big_dripleaf":13,"minecraft:copper_ingot":9,"minecraft:torch":33,"sophisticatedbackpacks:backpack":2,"minecraft:porkchop":5,"farmersdelight:tomato_seeds":4,"structurize:sceptergold":2,"minecraft:pointed_dripstone":53,"minecraft:diorite":115,"minecraft:carrot":1,"minecraft:redstone":79,"minecraft:prismarine_crystals":1,"minecraft:cauldron":3,"minecraft:dark_oak_planks":132,"minecraft:tnt":3,"minecraft:arrow":16,"minecraft:rotten_flesh":29,"minecraft:cooked_cod":1,"alexsmobs:flying_fish_boots":1,"minecraft:hay_block":65,"minecraft:gold_ingot":10,"minecraft:black_banner":1,"minecraft:mutton":5,"alexsmobs:flying_fish":3,"minecraft:cod":6,"minecraft:white_wool":4,"minecraft:cobblestone":978,"minecraft:birch_log":6,"minecraft:cooked_beef":1,"minecraft:iron_door":1,"minecraft:glow_ink_sac":15,"minecraft:salmon":16,"domum_ornamentum:blockbarreldeco_standing":4,"minecraft:leather":8,"minecraft:flint":7,"alexsmobs:bear_fur":1,"paraglider:spirit_orb":2,"create:raw_zinc":25,"minecraft:oak_log":10,"minecraft:gunpowder":6,"minecraft:lapis_lazuli":43,"minecraft:dirt":691,"minecraft:bone":14,"domum_ornamentum:blockbarreldeco_onside":1,"minecraft:bow":2,"minecraft:wheat_seeds":1,"minecraft:raw_gold":5,"minecraft:iron_ingot":2,"create:goggles":1,"minecraft:cobweb":3,"minecraft:moss_block":1,"minecraft:flowering_azalea":1,"minecraft:glow_lichen":6,"minecraft:smooth_basalt":129,"minecraft:sweet_berries":3,"minecraft:gravel":47,"minecraft:amethyst_shard":28,"minecraft:ink_sac":2,"minecraft:spruce_log":102,"minecraft:dark_oak_log":1,"minecraft:spider_eye":5,"antiquelegacy:pelta":1,"alexsmobs:raw_catfish":3,"minecraft:diamond":1,"minecraft:bone_meal":2,"minecraft:gray_wool":1,"minecraft:spruce_sign":2,"minecraft:emerald":4,"minecraft:baked_potato":4,"reliquary:witch_hat":1,"minecraft:coal":204},"minecraft:killed":{"minecraft:vex":1,"minecraft:witch":1,"minecraft:allay":1,"minecraft:vindicator":4,"minecraft:spider":4,"alexsmobs:tasmanian_devil":1,"minecraft:skeleton":15,"minecraft:guardian":1,"minecraft:drowned":1,"alexsmobs:flying_fish":3,"minecraft:pig":2,"alexsmobs:grizzly_bear":1,"minecraft:salmon":18,"minecraft:creeper":2,"minecraft:sheep":4,"alexsmobs:catfish":4,"minecraft:zombie":31,"alexsmobs:terrapin":8,"alexsmobs:crow":1,"minecraft:glow_squid":5,"minecraft:cow":5},"minecraft:killed_by":{"minecraft:player":7,"minecraft:warden":1,"minecraft:skeleton":1,"minecraft:witch":5,"alexsmobs:grizzly_bear":1}},"DataVersion":3465}