{"stats":{"minecraft:picked_up":{"reliquary:guardian_spike":1,"minecraft:nether_brick":2,"minecraft:brewing_stand":1,"minecraft:string":15,"minecraft:raw_copper":115,"minecraft:cooked_salmon":1,"minecraft:pufferfish":1,"minecraft:cobbled_deepslate":4,"minecraft:spruce_planks":12,"magistuarmory:iron_concavehalberd":1,"minecraft:calcite":141,"minecraft:azalea":1,"minecraft:iron_pickaxe":3,"minecraft:furnace":4,"minecraft:stick":110,"minecraft:big_dripleaf":13,"minecraft:torch":35,"minecraft:porkchop":5,"domum_ornamentum:fancy_door":4,"minecraft:cherry_log":9,"minecraft:pointed_dripstone":53,"minecraft:diorite":115,"minecraft:cauldron":3,"minecraft:rotten_flesh":31,"alexsmobs:flying_fish_boots":1,"minecraft:cod":6,"minecraft:snowball":396,"alexsmobs:flying_fish":3,"minecraft:cobblestone":1161,"minecraft:birch_log":6,"minecraft:cooked_beef":1,"minecraft:iron_door":1,"alexsmobs:bear_fur":1,"paraglider:spirit_orb":2,"minecraft:flint":7,"create:raw_zinc":25,"minecraft:lapis_lazuli":43,"minecraft:dirt":1026,"minecraft:bone":20,"domum_ornamentum:blockbarreldeco_onside":1,"minecraft:bow":3,"minecraft:wheat_seeds":1,"minecraft:raw_gold":5,"create:goggles":1,"minecraft:moss_block":1,"create:super_glue":1,"minecraft:glow_lichen":6,"minecraft:stripped_spruce_log":106,"minecraft:ink_sac":2,"minecraft:grass_block":1,"minecraft:dark_oak_log":1,"minecraft:polished_andesite":3,"minecraft:diamond":1,"minecraft:bone_meal":2,"minecraft:spruce_sign":2,"minecraft:emerald":6,"alexsmobs:banana_slug_slime":1,"alexsmobs:maggot":2,"reliquary:witch_hat":1,"create:copper_sheet":8,"minecraft:crafting_table":2,"minecraft:chicken":1,"minecraft:clay_ball":636,"minecraft:golden_pickaxe":2,"create:polished_cut_calcite":37,"minecraft:wooden_pickaxe":4,"minecraft:gold_block":1,"minecraft:candle":18,"minecraft:beef":40,"antiquelegacy:weathered_eagle_standard":1,"minecraft:phantom_membrane":1,"minecraft:egg":4,"minecraft:raw_iron":134,"reliquary:rib_bone":1,"create:golden_sheet":7,"minecraft:copper_ingot":9,"sophisticatedbackpacks:backpack":2,"farmersdelight:tomato_seeds":4,"structurize:sceptergold":2,"minecraft:carrot":1,"minecraft:redstone":79,"minecraft:prismarine_crystals":1,"minecraft:dark_oak_planks":132,"minecraft:tnt":3,"minecraft:arrow":22,"minecraft:cooked_cod":1,"minecraft:hay_block":65,"minecraft:black_banner":1,"minecraft:gold_ingot":10,"minecraft:mutton":8,"minecraft:white_wool":5,"minecraft:salmon":16,"minecraft:glow_ink_sac":15,"domum_ornamentum:blockbarreldeco_standing":4,"minecraft:leather":16,"domum_ornamentum:panel":11,"minecraft:oak_log":10,"minecraft:gunpowder":8,"minecraft:white_banner":1,"domum_ornamentum:side_framed":83,"minecraft:iron_ingot":2,"minecraft:cobweb":3,"minecraft:flowering_azalea":1,"minecraft:smooth_basalt":161,"minecraft:sweet_berries":3,"minecraft:gravel":47,"minecraft:amethyst_shard":28,"minecraft:spruce_sapling":78,"minecraft:spruce_log":671,"minecraft:spider_eye":5,"antiquelegacy:pelta":1,"alexsmobs:raw_catfish":3,"minecraft:cherry_sapling":9,"minecraft:gray_wool":1,"minecraft:baked_potato":4,"minecraft:black_wool":1,"minecraft:coal":227,"minecraft:ender_pearl":1},"minecraft:used":{"minecraft:iron_shovel":210,"minecraft:chest":5,"minecraft:mutton":1,"minecraft:axolotl_bucket":1,"minecraft:snowball":16,"minecraft:stripped_spruce_log":77,"minecraft:big_dripleaf":13,"minecraft:lantern":2,"farmersdelight:rotten_tomato":3,"create:polished_cut_calcite":67,"minecraft:bow":7,"minecraft:sweet_berries":3,"minecraft:furnace":10,"minecraft:cooked_cod":20,"minecraft:gold_block":1,"minecraft:egg":4,"simple_weapons:iron_scythe":419,"domum_ornamentum:architectscutter":1,"minecraft:spruce_door":1,"magistuarmory:iron_concavehalberd":22,"minecraft:stone_pickaxe":278,"alexsmobs:flying_fish_boots":1,"domum_ornamentum:fancy_door":6,"minecraft:shears":4,"simple_weapons:iron_fist":51,"minecraft:string":3,"minecraft:andesite":1,"minecraft:golden_pickaxe":32,"minecraft:cobweb":7,"minecraft:tropical_fish":3,"minecraft:spruce_planks":32,"minecraft:cooked_salmon":52,"minecraft:torch":42,"minecraft:brewing_stand":1,"minecraft:dirt":117,"minecraft:spyglass":65,"minecraft:anvil":1,"minecraft:dark_oak_planks":3,"minecraft:iron_axe":950,"simple_weapons:iron_spear":9,"minecraft:smooth_basalt":65,"minecraft:beef":9,"minecraft:cooked_beef":16,"minecraft:cherry_log":5,"minecraft:pointed_dripstone":53,"minecraft:calcite":6,"minecraft:cooked_mutton":2,"alexsmobs:cooked_catfish":3,"minecraft:water_bucket":13,"minecraft:snow_block":75,"domum_ornamentum:blockbarreldeco_standing":4,"minecraft:glass_bottle":3,"minecraft:polished_andesite":7,"antiquelegacy:pelta":20,"minecraft:cauldron":3,"minecraft:spruce_sign":5,"minecraft:stonecutter":1,"minecraft:salmon":2,"minecraft:tnt":8,"minecraft:crafting_table":5,"minecraft:cod":5,"domum_ornamentum:side_framed":140,"minecraft:spruce_log":347,"minecraft:iron_pickaxe":1971,"minecraft:spruce_sapling":8,"domum_ornamentum:blockbarreldeco_onside":1,"minecraft:stone_axe":35,"minecraft:fishing_rod":26,"minecraft:cobblestone":627,"minecraft:porkchop":3,"minecraft:white_banner":1,"minecraft:cooked_porkchop":12,"minecraft:bucket":15,"alexsmobs:animal_dictionary":1,"domum_ornamentum:panel":21,"minecraft:gray_wool":1,"structurize:sceptergold":2,"minecraft:candle":1},"minecraft:mined":{"minecraft:dark_oak_planks":132,"minecraft:large_amethyst_bud":2,"minecraft:spruce_planks":14,"minecraft:cherry_log":9,"domum_ornamentum:fancy_door":4,"minecraft:brewing_stand":1,"minecraft:granite":11,"minecraft:grass_block":205,"minecraft:spawner":1,"minecraft:sculk_catalyst":1,"minecraft:iron_ore":118,"minecraft:fire":4,"domum_ornamentum:blockbarreldeco_onside":1,"minecraft:deepslate_lapis_ore":5,"minecraft:pointed_dripstone":16,"minecraft:azalea":1,"minecraft:tripwire":3,"minecraft:deepslate_redstone_ore":3,"minecraft:medium_amethyst_bud":1,"minecraft:amethyst_cluster":4,"minecraft:powder_snow":224,"minecraft:clay":207,"minecraft:torch":5,"minecraft:calcite":143,"minecraft:spruce_wall_sign":1,"minecraft:cobblestone":78,"minecraft:wall_torch":1,"minecraft:cauldron":3,"domum_ornamentum:blockbarreldeco_standing":4,"minecraft:birch_log":6,"domum_ornamentum:side_framed":40,"minecraft:tnt":3,"minecraft:grass":2,"minecraft:oak_log":9,"minecraft:dirt":639,"minecraft:smooth_basalt":130,"minecraft:oak_leaves":1,"minecraft:deepslate":4,"create:zinc_ore":24,"minecraft:deepslate_diamond_ore":1,"minecraft:candle":7,"minecraft:dark_oak_log":1,"minecraft:glow_lichen":6,"minecraft:spruce_leaves":1477,"minecraft:moss_block":1,"minecraft:large_fern":4,"minecraft:hay_block":65,"minecraft:redstone_ore":14,"minecraft:furnace":4,"minecraft:snow":3,"minecraft:stripped_spruce_log":112,"minecraft:gold_block":1,"minecraft:deepslate_iron_ore":28,"domum_ornamentum:panel":11,"minecraft:stone":1261,"create:polished_cut_calcite":37,"minecraft:flowering_azalea":1,"minecraft:snow_block":171,"minecraft:crafting_table":2,"minecraft:emerald_ore":2,"minecraft:sculk_sensor":5,"minecraft:copper_ore":23,"minecraft:lapis_ore":6,"minecraft:deepslate_gold_ore":5,"minecraft:sculk":1,"minecraft:diorite":161,"minecraft:big_dripleaf":2,"minecraft:gray_wool":1,"minecraft:black_wall_banner":1,"minecraft:spruce_log":672,"minecraft:coal_ore":148,"minecraft:cherry_leaves":129,"minecraft:gravel":55,"minecraft:cobweb":3,"minecraft:polished_andesite":3},"minecraft:broken":{"minecraft:stone_pickaxe":2,"minecraft:fishing_rod":1,"alexsmobs:flying_fish_boots":2,"minecraft:iron_axe":3,"minecraft:iron_pickaxe":8,"minecraft:golden_pickaxe":1},"minecraft:killed":{"minecraft:witch":1,"minecraft:spider":5,"minecraft:skeleton":21,"minecraft:guardian":1,"alexsmobs:banana_slug":1,"minecraft:pig":2,"alexsmobs:grizzly_bear":1,"minecraft:salmon":18,"minecraft:creeper":2,"minecraft:sheep":6,"minecraft:pillager":3,"minecraft:zombie":35,"alexsmobs:terrapin":8,"alexsmobs:fly":1,"minecraft:glow_squid":5,"minecraft:cow":15,"minecraft:vex":1,"minecraft:allay":1,"minecraft:vindicator":4,"alexsmobs:tasmanian_devil":1,"minecraft:phantom":4,"minecraft:horse":1,"minecraft:drowned":1,"alexsmobs:flying_fish":3,"alexsmobs:catfish":4,"alexsmobs:crow":1,"minecraft:enderman":2},"minecraft:dropped":{"create:super_glue":1,"minecraft:moss_block":1,"minecraft:baked_potato":4,"minecraft:cooked_porkchop":7,"minecraft:cod":1,"create:copper_diving_helmet":1,"minecraft:dirt":374,"reliquary:witch_hat":1,"minecraft:cooked_cod":1,"minecraft:snowball":32,"minecraft:dark_oak_planks":1,"minecraft:white_wool":8,"minecraft:gold_ingot":10,"minecraft:gravel":1,"minecraft:cobbled_deepslate":2,"antiquelegacy:weathered_eagle_standard":1,"minecraft:rotten_flesh":2,"domum_ornamentum:side_framed":44,"minecraft:salmon":1,"minecraft:leather_chestplate":1,"minecraft:gunpowder":1,"minecraft:arrow":1,"minecraft:glass":121,"structurize:sceptergold":2,"minecraft:iron_ingot":3,"minecraft:bread":4,"minecraft:wheat_seeds":1,"minecraft:cobblestone":16,"minecraft:iron_helmet":1,"minecraft:copper_ingot":14,"minecraft:stick":8,"minecraft:diorite":23,"magistuarmory:iron_concavehalberd":1,"minecraft:ink_sac":2,"antiquelegacy:pelta":2,"minecraft:cooked_salmon":1,"minecraft:potion":1,"minecraft:iron_leggings":2,"create:raw_zinc":25,"minecraft:spruce_sapling":1,"minecraft:smooth_basalt":1,"alexsmobs:maggot":2,"minecraft:clay_ball":324,"minecraft:iron_boots":1,"simple_weapons:iron_scythe":1,"sophisticatedbackpacks:backpack":1,"create:copper_sheet":8,"minecraft:filled_map":1,"create:zinc_ingot":4,"minecraft:spruce_planks":2,"minecraft:iron_chestplate":2,"minecraft:wooden_pickaxe":2,"create:golden_sheet":7},"minecraft:custom":{"lootr:looted_stat":12,"minecraft:animals_bred":1,"minecraft:interact_with_crafting_table":55,"minecraft:open_barrel":2,"minecraft:leave_game":11,"minecraft:time_since_death":8698,"minecraft:sprint_one_cm":1008088,"minecraft:damage_blocked_by_shield":510,"minecraft:drop":86,"minecraft:talked_to_villager":14,"minecraft:play_time":490424,"minecraft:deaths":21,"minecraft:jump":8516,"minecraft:interact_with_brewingstand":6,"minecraft:walk_on_water_one_cm":72770,"minecraft:interact_with_furnace":199,"minecraft:traded_with_villager":31,"minecraft:sleep_in_bed":4,"minecraft:waystone_activated":1,"minecraft:damage_dealt":26646,"minecraft:crouch_one_cm":91598,"minecraft:horse_one_cm":10163,"minecraft:mob_kills":180,"minecraft:interact_with_anvil":3,"minecraft:fill_cauldron":3,"minecraft:damage_dealt_resisted":2672,"minecraft:climb_one_cm":50491,"minecraft:walk_one_cm":1304716,"minecraft:damage_dealt_absorbed":80,"minecraft:sneak_time":32422,"minecraft:walk_under_water_one_cm":81574,"minecraft:total_world_time":490424,"minecraft:interact_with_stonecutter":8,"minecraft:time_since_rest":8738,"minecraft:damage_taken":10684,"minecraft:swim_one_cm":203106,"minecraft:fly_one_cm":1450427,"minecraft:open_chest":462,"minecraft:fish_caught":7,"minecraft:fall_one_cm":204364},"minecraft:crafted":{"magistuarmoryaddon:ram_horns_decoration":1,"minecraft:cobweb":4,"minecraft:stone":6,"minecraft:cooked_mutton":35,"minecraft:glass":125,"minecraft:iron_boots":2,"minecraft:chest":5,"simple_weapons:iron_katana":1,"alexsmobs:cooked_catfish":3,"minecraft:glass_bottle":1,"simple_weapons:iron_scythe":2,"minecraft:emerald":29,"minecraft:cooked_porkchop":2,"minecraft:crafting_table":3,"minecraft:spruce_planks":99,"minecraft:iron_helmet":2,"minecraft:spruce_door":3,"domum_ornamentum:side_framed":124,"minecraft:copper_ingot":76,"magistuarmory:dragon_decoration":1,"minecraft:iron_chestplate":2,"minecraft:charcoal":7,"minecraft:stick":13,"minecraft:stone_slab":6,"minecraft:iron_ingot":140,"minecraft:iron_pickaxe":8,"minecraft:iron_block":3,"minecraft:snow_block":75,"domum_ornamentum:panel":12,"minecraft:shears":1,"minecraft:iron_nugget":5,"minecraft:spyglass":1,"minecraft:furnace":6,"domum_ornamentum:architectscutter":1,"minecraft:lantern":3,"simple_weapons:iron_spear":1,"minecraft:iron_axe":4,"minecraft:stone_pickaxe":3,"simple_weapons:iron_fist":1,"minecraft:wheat":65,"minecraft:cooked_beef":15,"minecraft:cooked_cod":45,"minecraft:spruce_sign":3,"domum_ornamentum:fancy_door":4,"minecraft:cooked_salmon":47,"minecraft:bucket":1,"minecraft:stone_axe":1,"minecraft:air":1162,"ojs_rpg_origins:sapphire_block":1,"antiquelegacy:pelta":3,"minecraft:iron_shovel":1,"minecraft:iron_leggings":2,"minecraft:stonecutter":1,"minecraft:anvil":1,"ojs_rpg_origins:sapphire":9,"create:copper_diving_helmet":1,"minecraft:torch":4,"create:zinc_ingot":4},"minecraft:killed_by":{"minecraft:witch":5,"alexsmobs:grizzly_bear":1,"minecraft:player":7,"minecraft:iron_golem":1,"minecraft:warden":1,"minecraft:skeleton":1}},"DataVersion":3465}